"id";"riferimento";"anno";"anno_inferito";"autore_primo";"titolo";"doi";"paese";"paesi";"settore_applicativo";"materiale";"livello_innovazione";"trl";"trl_min";"trl_max";"trl_stimato";"potenziale_industriale";"potenziale_sardegna_stelle";"potenziale_sardegna_commento";"valutazione_scientifica";"priorita";"inferenza";"pagine_pdf";"note";"celle_originali"
"1";"Azevedo, J.; Cassani, L.; Oliveira, J.; Chamorro, F.; Simal-Gandara, J.; Mateus, N.; de Freitas, V.; Prieto, M.A.; Pérez-Gregorio, R. (2025). Recovery of Bioactive Phenolic Compounds from Cork Industry Waste Using Ultrasound and Microwave Techniques. ACS Agricultural Science & Technology, 5(3): 321-336";"2025";"false";"Azevedo";"Recovery of Bioactive Phenolic Compounds from Cork Industry Waste Using Ultrasound and Microwave Techniques";"10.1021/acsagscitech.4c00436";"Portogallo / Spagna";"[""Portogallo"",""Spagna""]";"Cosmesi/Farmaceutico/Bioattivi";"Scarti/sottoprodotti industriali";"Alto";"2–4";"2";"4";"false";"Alto";"4";"coerente con valorizzazione scarti del distretto";"4";"A";"false";"[142]";"[]";
"2";"Costa, S.F.M.C. 2025. Analysis of reinforced cork composite sandwich beams. MSc Thesis. Instituto Superior de Engenharia de Lisboa";"2025";"false";"Costa";"Analysis of reinforced cork composite sandwich beams";;"Portogallo";"[""Portogallo""]";"Compositi strutturali / protezione";"Sughero / materiale a base sughero";"Medio";"4–6";"4";"6";"false";"Alto";"4";;"4";"A";"false";"[142]";"[""DOI: 'ND' nella fonte.""]";
"3";"Filho, J. J. d. S., Gaspar, P. D., Paço, A. d., & Marcelino, S. M. (2025). Governance-Centred Industrial Symbiosis for Circular Economy Transitions: A Rural Forest Biomass Hub Framework Proposal. Sustainability, 17(12), 5659.";"2025";"false";"Filho";"Governance-Centred Industrial Symbiosis for Circular Economy Transitions: A Rural Forest Biomass Hub Framework Proposal";"10.3390/su17125659";"Portogallo";"[""Portogallo""]";"Economia circolare/Governance / Agricoltura/Biomassa / Forestale/Sviluppo rurale";"Sughero/materiale non specificato";"Medio";"ND/Non tecnologico";;;"false";"Medio";"3";"potenziale da verificare rispetto a imprese e impianti sardi";"4";"B";"false";"[142,143]";"[""Record spezzato su due pagine (142-143) e ricomposto.""]";
"4";"Freitas, D.; Gominho, J.; Ribeiro, H. (2025). Valorisation of production residues from the cork stoppers industry: potential use as a growing-media component for potted plants. Cleaner and Circular Bioeconomy 11: 100148";"2025";"false";"Freitas";"Valorisation of production residues from the cork stoppers industry: potential use as a growing-media component for potted plants";"10.1016/j.clcb.2025.100148";"Portogallo";"[""Portogallo""]";"Agricoltura/Biomassa";"Scarti/sottoprodotti industriali / Tappi esausti";"Medio";"TRL 2–4";"2";"4";"false";"Medio";"4";"coerente con valorizzazione scarti del distretto";"4";"A";"false";"[143]";"[]";
"5";"Gil, P., Almeida, P. L., Godinho, M. H., & Almeida, A. P. C. (2025). The Clear Choice: Developing Transparent Cork for Next-Generation Sustainable Materials. Macromol, 5(2), 17.";"2025";"false";"Gil";"The Clear Choice: Developing Transparent Cork for Next-Generation Sustainable Materials";"10.3390/macromol5020017";"Portogallo";"[""Portogallo""]";"Materiali/Innovazione";"Sughero trasparente/modificato";"Molto alto";"TRL 2–4";"2";"4";"false";"Medio-Alto";"2";"richiede partnership tecnologiche avanzate";"4";"B";"false";"[143]";"[]";
"6";"Gilabert-Sanz, S. and Oliver-Villanueva, J. V. (2025) “Conscious architecture and circular economy for a transition in building: The IMIP project as a case study”, VITRUVIO - International Journal of Architectural Technology and Sustainability, 10(2)";"2025";"false";"Gilabert-Sanz";"Conscious architecture and circular economy for a transition in building: The IMIP project as a case study";"10.4995/vitruvio-ijats.2025.24284";"Spagna";"[""Spagna""]";"Edilizia/Materiali / Economia circolare/Governance";"Sughero/materiale non specificato";"Medio";"ND/Non tecnologico";;;"false";"Alto";"4";"applicabile a edilizia sostenibile e filiere locali";"3";"B";"false";"[143,144]";"[""Record spezzato su due pagine (143-144) e ricomposto.""]";
"7";"Gomes, S., Santos, P., & Lima, T. M. (2025). Development of Sustainable Composite Sandwich with Wood Waste and Natural Fibers for Circular Economy Applications. Recycling, 10(4), 131.";"2025";"false";"Gomes";"Development of Sustainable Composite Sandwich with Wood Waste and Natural Fibers for Circular Economy Applications";"10.3390/recycling10040131";"Portogallo";"[""Portogallo""]";"Compositi / Economia circolare/Governance";"Scarti/sottoprodotti industriali / Composito a base sughero";"Alto";"TRL 3–5";"3";"5";"false";"Alto";"4";"coerente con valorizzazione scarti del distretto";"4";"A";"false";"[144]";"[]";
"8";"Guermiti, L., Guendouz, M., Boukhelkhal, D., Abid, S., & Hadjadj, M. (2026). Potential of Producing Lightweight Cork-Based Mortars Reinforced with Polyethylene Fibers for Building Applications. Buildings, 16(1), 102.";"2026";"false";"Guermiti";"Potential of Producing Lightweight Cork-Based Mortars Reinforced with Polyethylene Fibers for Building Applications";"10.3390/buildings16010102";"Algeria";"[""Algeria""]";"Edilizia/isolamento";"Sughero espanso/agglomerato/granulato";"Medio-Alto";"4–6";"4";"6";"false";"Alto";"5";"Molto coerente con disponibilità di sughero sardo, edilizia sostenibile e riuso degli scarti";"4";"A";"false";"[144]";"[]";
"9";"Kuźnia, M., Zakrzewska, P., Szajding, A., Zygmunt-Kowalska, B., Kairytė, A., Šeputytė-Jucikė, J., Boris, R., and Balčiūnas, G. 2025. Microspheres as a stabilizing element in polyurethane-cork composites. Construction and Building Materials, 469, p.140491.";"2025";"false";"Kuźnia";"Microspheres as a stabilizing element in polyurethane-cork composites";"10.1016/j.conbuildmat.2025.140491";"Polonia / Lituania";"[""Polonia"",""Lituania""]";"Edilizia / Isolamento / Architettura";"composito a base sughero";"Alto";"3–4 (stimato)";"3";"4";"true";"Alto";"4";"trasferibilità alta per filiera sughero/edilizia/materiali; da verificare costi e scala.";"4";"A";"false";"[144,145]";"[""Record spezzato su due pagine (144-145) e ricomposto.""]";
"10";"Morizaki, GT; Gomes, MCS; Queiroz, A; Brito, P; Ribeiro, AE (2025). Removal of metformin from aquatic matrices using cork-based adsorbents. In 9PYCheM – 9th Portuguese Young Chemists Meeting. Faro. ISBN 978-989-8124-46-3";"2025";"false";"Morizaki";"Removal of metformin from aquatic matrices using cork-based adsorbents";;"Portogallo";"[""Portogallo""]";"Ambiente/Acque/Adsorbimento";"Sughero/materiale non specificato";"Medio";"TRL 2–4";"2";"4";"false";"Medio";"4";"interessante per usi ambientali e trattamento acque";"3";"B";"false";"[145]";"[""DOI: 'ND' nella fonte.""]";
"11";"Mota, S., Torres, A., Silva, A., Silva, J., Silva, J., Ferreira, H., Cruz, M., and Almeida, I. 2025. Cork powder: Benefits and limitations as a sustainable cosmetic ingredient. Powder Technology, 449: 120396";"2025";"false";"Mota";"Cork powder: Benefits and limitations as a sustainable cosmetic ingredient";"10.1016/j.powtec.2024.120396";"Portogallo";"[""Portogallo""]";"ND";;"Medio";"TRL 3–5";"3";"5";"false";;"3";;;"A";"true";"[145]";"[""Riga con struttura anomala nella fonte (10 valori invece di 11, marcata 'Inferenza'): manca la tipologia di materiale; il campo potenziale industriale contiene 'Valorizzazione e sostenibilità' e la valutazione scientifica 'inferenza' (non numerica). Mappatura euristica; celle originali in `celle_originali`."",""Valutazione scientifica non numerica nella fonte: 'inferenza'.""]";"[""Mota, S., Torres, A., Silva, A., Silva, J., Silva, J., Ferreira, H., Cruz, M., and Almeida, I. 2025. Cork powder: Benefits and limitations as a sustainable cosmetic ingredient. Powder Technology, 449: 120396"",""10.1016/j.powtec.2 024.120396"",""Portogallo"",""ND"",""Medio"",""TRL 3–5"",""Valori zzazio ne e soste nibilit à"",""★★★ ☆☆"",""inferenza"",""A"",""Infer enza""]"
"12";"Mota, S.; Torres, A.; Silva, P.; Silva, J.; Almeida, A.; Páscoa, R.; Ferreira, H.; Silva, A.; Cruz, M.; Almeida, I. (2025). Overcoming challenges in cosmetic formulations with agro-industrial by-products: the case of cork powder. https://doi.org/10.1111/ics.70011";"2025";"false";"Mota";"Overcoming challenges in cosmetic formulations with agro-industrial by-products: the case of cork powder";"10.1111/ics.1306";"Portogallo";"[""Portogallo""]";"Cosmesi/Farmaceutico/Bioattivi";"Scarti/sottoprodotti industriali / Polvere di sughero";"Alto";"TRL 2–4";"2";"4";"false";"Alto";"4";"coerente con valorizzazione scarti del distretto";"4";"A";"false";"[146]";"[]";
"13";"Pedroso, A.F.V., Campilho, R.D.S.G., Pinto, I.M., Pinto, A.G., dos Santos, C.D.B. (2026). Uncovering, Addressing Bottlenecks and Optimising the Pop Cork Manufacturing Process: Challenges and Solutions. In: Pereira, M.T., Silva, F.J.G., Ivanov, V., Pinto, I., Pinto Ferreira, L. (eds) Advances in Design, Simulation and Manufacturing VIII. DSMIE DSMIE 2025 2025. Lecture Notes in Mechanical Engineering. Springer, Cham.";"2026";"false";"Pedroso";"Uncovering, Addressing Bottlenecks and Optimising the Pop Cork Manufacturing Process: Challenges and Solutions";"10.1007/978-3-032-07144-6_2";"Portogallo";"[""Portogallo""]";"Materiali/Innovazione";"Sughero/materiale non specificato";"Medio";"TRL 5–7";"5";"7";"false";"Medio";"3";"potenziale da verificare rispetto a imprese e impianti sardi";"4";"B";"false";"[146]";"[]";
"14";"Petrović, S.; Borota, D. (2025). Cork flooring market in selected SEE non-EU countries: opportunities and barriers to development. WoodEMA 2025 Proceedings, 421–428.";"2025";"false";"Petrović";"Cork flooring market in selected SEE non-EU countries: opportunities and barriers to development";;"Multipaese";"[""Multipaese""]";"Governance/mercato/filiera";"Filiera del sughero/prodotti in sughero";"Medio";"NA";;;"false";"Medio";"4";"Utile per Living Lab, distretto e politiche di trasferimento tecnologico";"3";"B";"false";"[147]";"[""DOI: 'ND' nella fonte.""]";
"15";"Pino, M., Alconchel, I., and Castro, P. 2025. Manufacture of Sustainable Cork Stoppers for Spirits Through Compression Molding. In Lecture Notes in Mechanical Engineering Advances on Mechanics, Design Engineering and Manufacturing V, p. 465-477";"2025";"false";"Pino";"Manufacture of Sustainable Cork Stoppers for Spirits Through Compression Molding";"10.21203/rs.3.rs-3714371/v1";"Spagna";"[""Spagna""]";"ND";;"Medio";"TRL 3–5";"3";"5";"false";;"3";;;"A";"true";"[147]";"[""Riga con struttura anomala nella fonte (10 valori invece di 11, marcata 'Inferenza'): manca la tipologia di materiale; il campo potenziale industriale contiene 'Valorizzazione e sostenibilità' e la valutazione scientifica 'inferenza' (non numerica). Mappatura euristica; celle originali in `celle_originali`."",""Valutazione scientifica non numerica nella fonte: 'inferenza'.""]";"[""Pino, M., Alconchel, I., and Castro, P. 2025. Manufacture of Sustainable Cork Stoppers for Spirits Through Compression Molding. In Lecture Notes in Mechanical Engineering Advances on Mechanics, Design Engineering and Manufacturing V, p. 465-477"",""10.21203/rs.3.rs- 3714371/v1"",""Spagna"",""ND"",""Medio"",""TRL 3–5"",""Valori zzazio ne e soste nibilit à"",""★★★ ☆☆"",""inferenza"",""A"",""Infer enza""]"
"16";"Pino, M., Alconchel, I., and Castro, P. 2025. Stoppers for Spirits Through Compression Molding. In Advances on Mechanics, Design Engineering and Manufacturing V: Proceedings of the International Joint Conference on Mechanics, Design Engineering & Advanced Manufacturing, JCM 2024, June 12–14, 2024, Valencia, Spain (pp. 465). Springer Nature.";"2025";"false";"Pino";"Stoppers for Spirits Through Compression Molding";;"Spagna";"[""Spagna""]";"Packaging enologico / Tappi";"tappi in sughero / agglomerato";"Medio";"6–8 (stimato)";"6";"8";"true";"Alto";"4";"trasferibilità alta per filiera sughero/edilizia/materiali; da verificare costi e scala.";"3";"A";"false";"[147,148]";"[""DOI: 'ND' nella fonte."",""Record spezzato su due pagine (147-148) e ricomposto.""]";
"17";"Pino, M.S., Alconchel, I.M., Castro, P.V. (2025). Manufacture of Sustainable Cork Stoppers for Spirits Through Compression Molding. In: Manchado del Val, C., Miralbes Buil, R., Peris Fajarnés, G., Moncho Santonja, M., Rizzi, C., Roucoules, L. (eds) Advances on Mechanics, Design Engineering and Manufacturing V. JCM 2024. Lecture Notes in Mechanical Engineering. Springer, Cham.";"2025";"false";"Pino";"Manufacture of Sustainable Cork Stoppers for Spirits Through Compression Molding";"10.1007/978-3-031-72829-7_37";"Spagna";"[""Spagna""]";"Tappi / packaging enologico";"Tappi; scarti di sughero; agglomerato; compositi";"Medio-Alto";"TRL 5–7";"5";"7";"false";"Molto alto";"5";"Applicazione diretta per imprese del tappo e diversificazione prodotto";"4";"A";"false";"[148]";"[]";
"18";"Piperopoulos, E., Scionti, G., Atria, M., Calabrese, L., Valenza, A., & Proverbio, E. (2025). Durability Assessment of Eco-Friendly Intumescent Coatings Based on Cork and Waste Glass Fillers for Naval Fire Safety. Polymers, 17(12), 1659.";"2025";"false";"Piperopoulos";"Durability Assessment of Eco-Friendly Intumescent Coatings Based on Cork and Waste Glass Fillers for Naval Fire Safety";"10.3390/polym17121659";"Italia";"[""Italia""]";"Rivestimenti funzionali / materiali avanzati";"Cork-derived composites; cork filler; scarti di sughero";"Alto";"TRL 2–4";"2";"4";"false";"Medio-Alto";"4";"Promettente per nicchie ad alto valore e ricerca industriale";"3";"B";"false";"[149]";"[]";
"19";"Rocha, Bernardino M., Marina Tenório, Jorge M. Branco, and Sandra M. Silva. 2025. ""A Comprehensive Comparison of Insulation Materials for Timber Building Systems"" Energies 18, no. 10: 2420.";"2025";"false";"Rocha";"A Comprehensive Comparison of Insulation Materials for Timber Building Systems";"10.3390/en18102420";"Portogallo";"[""Portogallo""]";"Edilizia / isolamento";"Materiali bio-based (non specifici del sughero)";"Medio";"4–6";"4";"6";"false";"Alto";"3";;"3";"B";"false";"[149]";"[]";
"20";"Romero-Ocaña, I., Fernández-Delgado, N., Benito, J., & Molina, S. I. (2025). Integrating Cork Biochar as a Green Filler via Photopolymerization. Applied Sciences, 15(6), 3207.";"2025";"false";"Romero-Ocaña";"Integrating Cork Biochar as a Green Filler via Photopolymerization";"10.3390/app15063207";"Spagna";"[""Spagna""]";"Compositi / Carbonio attivo/Biochar";"Biochar da sughero / Composito a base sughero";"Molto alto";"TRL 3–5";"3";"5";"false";"Medio";"4";"interessante per usi ambientali e trattamento acque";"4";"A";"false";"[149]";"[]";
"21";"Romero-Ocaña, I., Herrera, M., Fernández-Delgado, N., & Molina, S. I. (2025). Potential Use of Residual Powder Generated in Cork Stopper Industry as Valuable Additive to Develop Biomass-Based Composites for Injection Molding. Journal of Composites Science, 9(7), 330.";"2025";"false";"Romero-Ocaña";"Potential Use of Residual Powder Generated in Cork Stopper Industry as Valuable Additive to Develop Biomass-Based Composites for Injection Molding";"10.3390/jcs9070330";"Spagna";"[""Spagna""]";"Materiali compositi / Ingegneria";"scarti/residui di lavorazione del sughero";"Medio";"3–4 (stimato)";"3";"4";"true";"Medio";"3";"trasferibilità media per filiera sughero/edilizia/materiali; da verificare costi e scala.";"3";"B";"false";"[150]";"[]";
"22";"Silva, N. M., Maurício, A. C., Fernandes, R., & Barros, A. N. (2026). Cork By-Products as Bioactive Ingredients: From Waste Valorization to Pharmaceutical Prototypes. Molecules, 31(1), 95";"2026";"false";"Silva";"Cork By-Products as Bioactive Ingredients: From Waste Valorization to Pharmaceutical Prototypes";;"Portogallo";"[""Portogallo""]";"Cosmesi/Farmaceutico/Bioattivi";"Scarti/sottoprodotti industriali";"Alto";"TRL 5–7";"5";"7";"false";"Alto";"3";"coerente con valorizzazione scarti del distretto; richiede partnership tecnologiche avanzate";"3";"A";"false";"[150]";"[""DOI: 'ND' nella fonte.""]";
"23";"Sousa, G.J.A., Fernandes, F.A.O., Figueiredo, S. et al. The impact of accelerated weathering exposure on the mechanical, thermal and chemical properties of natural insulators: natural cork, agglomerated cork and expanded cork. Arch. Civ. Mech. Eng. 25, 279 (2025)";"2025";"false";"Sousa";;"10.1007/s43452-025-01339-8";"Portogallo / Finlandia";"[""Portogallo"",""Finlandia""]";"Compositi strutturali / protezione";"Sughero agglomerato";"Medio";"3–4";"3";"4";"false";"Alto";"4";;"4";"A";"false";"[150,151]";"[""Record spezzato su due pagine (150-151) e ricomposto.""]";
"24";"Ünsal-Peter, G., Sonnick, S., Kaufmann, H.R., Walch, T., and Rädle, M. 2025. Insulation and Packaging with Natural Fibres: Contribution to the Smart City and Waste Reduction. Proceedings of REAL CORP 2025, 30th Intl. Conference on Urban Development, Regional Planning and Information Society (pp. 609–619). CORP– Competence Center of Urban and Regional Planning.";"2025";"false";"Ünsal-Peter";"Insulation and Packaging with Natural Fibres: Contribution to the Smart City and Waste Reduction";"10.48494/REALCORP2025.2019";"Germania";"[""Germania""]";"Edilizia / Isolamento / Architettura";"scarti/residui di lavorazione del sughero";"Medio";"3–4 (stimato)";"3";"4";"true";"Alto";"4";"trasferibilità alta per filiera sughero/edilizia/materiali; da verificare costi e scala.";"3";"A";"false";"[151]";"[]";
"25";"Wurm, S., Wagner, M., Baumann, G. et al. Wood-steel hybrid beams for electric vehicle battery housings: a comparative study with aluminum profiles in bending load case. Eur. J. Wood Prod. 83, 114 (2025).";"2025";"false";"Wurm";;"10.1007/s00107-025-02261-9";"Austria";"[""Austria""]";"Automotive / Energia / Batterie";"sughero naturale/agglomerato";"Alto";"6–8 (stimato)";"6";"8";"true";"Alto";"3";"trasferibilità media per filiera sughero/edilizia/materiali; da verificare costi e scala.";"3";"B";"false";"[151,152]";"[""Record spezzato su due pagine (151-152) e ricomposto.""]";
"26";"Zhu, M., Buck, D., Shen, B., and Zhu, Z. (2025). Exploring the relationship between visual evaluation and user preference in wooden cork flooring: An application of the semantic differential method, BioResources 20(4), 9051–9062.";"2025";"false";"Zhu";"Exploring the relationship between visual evaluation and user preference in wooden cork flooring: An application of the semantic differential method";"10.15376/biores.20.4.9051-9062";"Svizzera / Cina";"[""Svizzera"",""Cina""]";"Materiali bio-based / review";"Sughero / materiale a base sughero";"Medio";"3–4";"3";"4";"false";"Medio";"3";;"3";"B";"false";"[152]";"[]";
"27";"Faria, P., Haurie, L., Lucas, S., Molari, L., Nielsen, K. B., Stefanidou, M., Sulciene, V., & Tupenaite, L. (2024). Bio-Fibre Project: An Educational Framework to Promote the Use of Bio-based Building Products. In L. Ferrara, G. Muciaccia, & N. Trochoutsou (Eds.), Proceedings of the RILEM Spring Convention and Conference 2024. RSCC 2024 (pp. 293-300). (RILEM Bookseries; Vol. 55). Springer.";"2024";"false";"Faria";"Bio-Fibre Project: An Educational Framework to Promote the Use of Bio-based Building Products";"10.1007/978-3-031-70277-8_34";"Danimarca";"[""Danimarca""]";"Materiali bio-based / educazione";"Materiali bio-based (non specifici del sughero)";"Medio";"3–4";"3";"4";"false";"Medio";"3";;"3";"B";"false";"[152]";"[]";
"28";"Abreu, C.; Silva, A. (2024). Improving the circular economy in the footwear industry. European Journal of Material Science and Engineering, 9(3), 2024: 175-182.";"2024";"false";"Abreu";"Improving the circular economy in the footwear industry";"10.36868/ejmse.2024.09.03.175";"Portogallo";"[""Portogallo""]";"Economia circolare/Governance / Tessile/Footwear";"Sughero/materiale non specificato";"Medio";"TRL 2–4";"2";"4";"false";"Medio";"3";"potenziale da verificare rispetto a imprese e impianti sardi";"3";"B";"false";"[153]";"[]";
"29";"Alves, Z.; Carvalheiras, J.; Senff, L.; Lacasta, A.; Cantalapiedra, I.; Labrincha, J.; Novais, R. (2024). A comparison between the use of cork and synthetic aggregates in the production of geopolymer composites. Construction and Building Materials 438: 137147";"2024";"false";"Alves";"A comparison between the use of cork and synthetic aggregates in the production of geopolymer composites";"10.1016/j.conbuildmat.2024.137147";"Portogallo / Spagna";"[""Portogallo"",""Spagna""]";"Edilizia/Materiali / Compositi";"Granulato/aggregati / Composito a base sughero";"Alto";"TRL 3–5";"3";"5";"false";"Alto";"3";"potenziale da verificare rispetto a imprese e impianti sardi";"4";"B";"false";"[153]";"[]";
"30";"Antunes e Sousa, G. J., Silva, A. J. C., Serra, G. F., Fernandes, F. A. O., Silva, S. P., & Alves de Sousa, R. J. (2024). Experimental and Numerical Insights into the Multi-Impact Response of Cork Agglomerates. Materials, 17(19), 4772.";"2024";"false";"Antunes e Sousa";"Experimental and Numerical Insights into the Multi-Impact Response of Cork Agglomerates";"10.3390/ma17194772";"Portogallo";"[""Portogallo""]";"Compositi / Automotive/Aerospazio/Protezione";"Sughero/materiale non specificato";"Medio";"TRL 3–5";"3";"5";"false";"Medio";"3";"potenziale da verificare rispetto a imprese e impianti sardi";"4";"B";"false";"[153]";"[]";
"31";"Atbir, A.; Boukhattem, L.; Khabbazi, A.; Cherkaoui, M.; El Wardi, F. (2024). Optimal mix study of sustainable lightweight composite bricks incorporating clay, wool and cork materials using circular economy approaches. Renewable and Sustainable Energy Reviews, 206: 114851";"2024";"false";"Atbir";"Optimal mix study of sustainable lightweight composite bricks incorporating clay, wool and cork materials using circular economy approaches";"10.1016/j.rser.2024.114851";"Marocco";"[""Marocco""]";"Edilizia/Materiali / Compositi / Economia circolare/Governance";"Composito a base sughero";"Alto";"TRL 2–4";"2";"4";"false";"Alto";"4";"applicabile a edilizia sostenibile e filiere locali";"4";"B";"false";"[154]";"[]";
"32";"Benmeriem, F.; Douani, M.; Fares, C.; Kermezli, T.; Announ, M. (2024). Contribution to the Analysis of the Influence of Climatic and Geographic Factors on the Average Mechanical Parameters of Cork Growing in North Africa: the case of Algeria. Letters in High Energy Physics, 2024: 6516-6525.";"2024";"false";"Benmeriem";"Contribution to the Analysis of the Influence of Climatic and Geographic Factors on the Average Mechanical Parameters of Cork Growing in North Africa: the case of Algeria";;"Algeria";"[""Algeria""]";"Forestale/materiali naturali";"Sughero naturale";"Medio";"NA";;;"false";"Medio";"3";"Utile come confronto biogeografico ma non immediatamente industriale";"3";"C";"false";"[154]";"[""DOI: 'ND' nella fonte.""]";
"33";"Buda, R., Marino, C., Nucara, A., Pietrafesa, M., Pucinotti, R. (2024). Innovative and Sustainable Composite Material for the Seismic and Energetic Retrofit of Masonry Infill Walls. In: Calabrò, F., Madureira, L., Morabito, F.C., Piñeira Mantiñán, M.J. (eds) Networks, Markets & People. NMP 2024. Lecture Notes in Networks and Systems, vol 1188. Springer, Cham.";"2024";"false";"Buda";"Innovative and Sustainable Composite Material for the Seismic and Energetic Retrofit of Masonry Infill Walls";"10.1007/978-3-031-74716-8_18";"Italia";"[""Italia""]";"Edilizia / isolamento";"Sughero agglomerato; granulato; scarti di sughero; compositi";"Medio-Alto";"TRL 3–5";"3";"5";"false";"Alto";"5";"Alta coerenza con distretto del sughero, edilizia mediterranea e riuso degli scarti";"4";"A";"false";"[155]";"[]";
"34";"Burgos Pintos, P., Marzo Gago, P., Fernández Delgado, N., Herrera, M., Sanz de León, A., & Molina, S. I. (2024). Sustainable product design by large format additive manufacturing of cork composites. Virtual and Physical Prototyping, 19(1)";"2024";"false";"Burgos Pintos";"Sustainable product design by large format additive manufacturing of cork composites";"10.1080/17452759.2024.2386106";"Spagna";"[""Spagna""]";"Compositi / Additive manufacturing/Design / Design";"Composito a base sughero";"Molto alto";"TRL 3–5";"3";"5";"false";"Alto";"3";"potenziale da verificare rispetto a imprese e impianti sardi";"4";"B";"false";"[155]";"[]";
"35";"Caeiro, A. (2024). Valuing the acorn cupule of different oak species in a circular economy context. MSc Thesis. Universidade de Évora";"2024";"false";"Caeiro";"Valuing the acorn cupule of different oak species in a circular economy context";;"Portogallo";"[""Portogallo""]";"Economia circolare/Governance";"Sughero/attività antiossidante";"Medio";"TRL 2–4";"2";"4";"false";"Medio";"3";"potenziale da verificare rispetto a imprese e impianti sardi";"3";"B";"false";"[155,156]";"[""DOI: 'ND' nella fonte."",""Record spezzato su due pagine (155-156) e ricomposto.""]";
"36";"Cervantes-Nájera, A. L., Martínez-Rodríguez, M.-C., Campos-Villegas, L. E., Bello-Yañez, X. V., & Brenneisen, S. (2024). Green Roof Systems within the Framework of a Circular Economy: A Scoping Review. Recycling, 9(4), 69.";"2024";"false";"Cervantes-Nájera";"Green Roof Systems within the Framework of a Circular Economy: A Scoping Review";"10.3390/recycling9040069";"Multipaese";"[""Multipaese""]";"Edilizia/Materiali / Economia circolare/Governance";"Sughero/materiale non specificato";"Medio";"ND/Non tecnologico";;;"false";"Medio";"3";"potenziale da verificare rispetto a imprese e impianti sardi";"4";"B";"false";"[156]";"[]";
"37";"Domingos, D.; Barcelos, K.; Oliveira, K.; Juchen, P.; Ruotolo, L.; Hassemer, M. (2024). Cork activated carbon as a new sustainable electrode for electrochemical desalination. Electrochimica Acta, 507: 145120";"2024";"false";"Domingos";"Cork activated carbon as a new sustainable electrode for electrochemical desalination";"10.1016/j.electacta.2024.145120";"Brazil";"[""Brasile""]";"Ambiente/Acque/Adsorbimento / Carbonio attivo/Biochar / Energia";"Carbone attivo da sughero";"Molto alto";"TRL 3–5";"3";"5";"false";"Alto";"4";"interessante per usi ambientali e trattamento acque";"4";"A";"false";"[156]";"[]";
"38";"Ferreira, A., Noronha, E., Sousa, R., and Serra, G. 2024. A Sustainable Cork Toy That Promotes the Development of Blind and Visually Impaired Young Children. Sustainability 16(15), 6312.";"2024";"false";"Ferreira";"A Sustainable Cork Toy That Promotes the Development of Blind and Visually Impaired Young Children";"10.3390/su16156312";"Portogallo";"[""Portogallo""]";"Design / architettura / giocattoli";"Sughero / materiale a base sughero";"Medio-Alto";"6–8";"6";"8";"false";"Medio";"3";;"3";"B";"false";"[156]";"[]";
"39";"Hoareau, C., and Tam, N. 2024. Evaluating the Impact of Government Policies on Circular Economy Adoption in the Construction Sector. Civil and Sustainable Urban Engineering, 4(2), p.83–94.";"2024";"false";"Hoareau";"Evaluating the Impact of Government Policies on Circular Economy Adoption in the Construction Sector";"10.53623/csue.v4i2.481";"Poland / Seychelles";"[""Polonia"",""Seychelles""]";"Edilizia / isolamento";"Materiali bio-based (non specifici del sughero)";"Medio";"ND";;;"false";"Alto";"3";;"3";"B";"false";"[157]";"[]";
"40";"Jeżo, A.. (2024). Valorization of Tree Bark-Derived Suberin in Applications for the Bio-based Composites Industry– A Recent Review. Journal of Renewable Materials 2024, 12(6), 1029-1042";"2024";"false";"Jeżo";"Valorization of Tree Bark-Derived Suberin in Applications for the Bio-based Composites Industry– A Recent Review";"10.32604/jrm.2024.051330";"Polonia";"[""Polonia""]";"Materiali bio-based";"Suberina da corteccia/sughero";"Medio";"ND";;;"false";"Medio";"3";;"4";"B";"false";"[157]";"[]";
"41";"Miranda, I., & Pereira, H. (2024). Cork Façades as an Innovative and Sustainable Approach in Architecture: A Review of Cork Materials, Properties and Case Studies. Materials, 17(17), 4414.";"2024";"false";"Miranda";"Cork Façades as an Innovative and Sustainable Approach in Architecture: A Review of Cork Materials, Properties and Case Studies";"10.3390/ma17174414";"Multipaese";"[""Multipaese""]";"Edilizia / Isolamento / Architettura";"sughero naturale/agglomerato";"Medio-basso";"6–8 (stimato)";"6";"8";"true";"Medio";"5";"trasferibilità alta per filiera sughero/edilizia/materiali; da verificare costi e scala.";"4";"A";"false";"[157]";"[]";
"42";"Moita, A.; Lopes, J.; Mendes, J. (2024). Circular economy and sustainability: The case of the automotive industry in Portugal. Innovation and Green Development 3(4): 100177";"2024";"false";"Moita";"Circular economy and sustainability: The case of the automotive industry in Portugal";"10.1016/j.igd.2024.100177";"Portogallo";"[""Portogallo""]";"Automotive/Aerospazio/Protezione / Economia circolare/Governance";"Sughero/materiale non specificato";"Alto";"TRL 5–7";"5";"7";"false";"Alto";"3";"potenziale da verificare rispetto a imprese e impianti sardi";"4";"B";"false";"[157]";"[]";
"43";"Petlitckaia, S., Tihay-Felicelli, V., Ferry, L., Buonomo, S., Luciani, C., Quilichini, Y., Santoni, P.-A., Pereira, E., & Barboni, T. (2024). Valorization of Cork and High-Density Polyethylene and Polypropylene Wastes in Cork–Plastic Composites: Their Morphology, Mechanical Performance, and Fire Properties. Journal of Composites Science, 8(6), 195";"2024";"false";"Petlitckaia";"Valorization of Cork and High-Density Polyethylene and Polypropylene Wastes in Cork–Plastic Composites: Their Morphology, Mechanical Performance, and Fire Properties";"10.3390/jcs8060195";"Francia";"[""Francia""]";"Compositi polimerici";"Polvere/granuli di sughero in matrice polimerica";"Alto";"4–6";"4";"6";"false";"Alto";"5";"Trasferibile alla filiera sarda se collegato a compounder, design e manifattura";"4";"A";"false";"[158]";"[]";
"44";"Pugliese, D., Alecci, V., Tale Masoule, M. S., Ghahremaninezhad, A., De Stefano, M., & Nanni, A. (2024). Development of Biodegradable and Recyclable FRLM Composites Incorporating Cork Aggregates for Sustainable Construction Practices. Materials, 17(21), 5232.";"2024";"false";"Pugliese";"Development of Biodegradable and Recyclable FRLM Composites Incorporating Cork Aggregates for Sustainable Construction Practices";"10.3390/ma17215232";"Italia / USA";"[""Italia"",""USA""]";"Edilizia / isolamento";"Sughero agglomerato; granulato; scarti di sughero; compositi";"Medio-Alto";"TRL 3–5";"3";"5";"false";"Alto";"5";"Alta coerenza con distretto del sughero, edilizia mediterranea e riuso degli scarti";"4";"A";"false";"[158]";"[]";
"45";"Scalera, F., Monteduro, A., Quarta, A., Caputo, A., Pullar, R., Maruccio, G., and Piccirillo, C. 2024. Cork-derived magnetic composites: A preliminary study. RSC Sustainability, 3(2), p.914–928.";"2024";"false";"Scalera";"Cork-derived magnetic composites: A preliminary study";"10.1039/D4SU00442F";"Italia";"[""Italia""]";"Materiali avanzati / funzionali";"Derivati/scarti di sughero";"Alto";"TRL 2–3";"2";"3";"false";"Medio";"3";"Potenziale di ricerca, meno immediato per imprese tradizionali";"3";"B";"false";"[159]";"[]";
"46";"Srebrenkoska, V. (2024) Preparation of innovative polymer composite materials for food packaging. In: 4th Circul-a-bility Conference, 11-13 Sept 2024, Aarhus, Denmark.";"2024";"false";"Srebrenkoska";"Preparation of innovative polymer composite materials for food packaging";;"Danimarca";"[""Danimarca""]";"Packaging / chiusure";"Materiali bio-based (non specifici del sughero)";"Medio";"3–4";"3";"4";"false";"Alto";"3";;"3";"B";"false";"[159]";"[""DOI: 'ND' nella fonte.""]";
"47";"Suffo, M., Pérez-Muñoz, C., Alba, G., & Villar, M. P. (2024). An Innovative Polypropylene/Waste Cork Composite Material for Spirit and Wine Stopper Caps. Applied Sciences, 14(7), 3014.";"2024";"false";"Suffo";"An Innovative Polypropylene/Waste Cork Composite Material for Spirit and Wine Stopper Caps";"10.3390/app14073014";"Spagna";"[""Spagna""]";"Packaging enologico / Tappi";"Polvere/granuli di sughero in matrice polimerica";"Alto";"4–6";"4";"6";"false";"Alto";"5";"Trasferibile alla filiera sarda se collegato a compounder, design e manifattura";"3";"A";"false";"[159]";"[]";
"48";"Yadav, M., Singhal, I. Sustainable construction: the use of cork material in the building industry. Mater Renew Sustain Energy 13, 375–383 (2024).";"2024";"false";"Yadav";;"10.1007/s40243-024-00270-x";"India";"[""India""]";"Edilizia/Materiali";"Sughero agglomerato; granulato; scarti di sughero; compositi";"Medio-Alto";"TRL 3–5";"3";"5";"false";"Alto";"4";"applicabile a edilizia sostenibile e filiere locali";"4";"A";"false";"[159]";"[]";
"49";"Zhai, W.; Zhong, Y.; Xu, M.; Wei, X.; Cai, L.; Xia, C. (2024). Transforming wastes into functional materials: natural cork-based physical structural components and polymers. Green Chemistry, 2024,26, 8615-8641";"2024";"false";"Zhai";"Transforming wastes into functional materials: natural cork-based physical structural components and polymers";"10.1039/D4GC02107A";"Cina";"[""Cina""]";"Economia circolare";"Scarti/sottoprodotti industriali / Composito a base sughero";"Medio";"TRL 2–4";"2";"4";"false";"Medio";"4";"coerente con valorizzazione scarti del distretto";"4";"A";"false";"[160]";"[]";
"50";"Alvarez Gómez, M., Moreno Nieto, D., Moreno Sánchez, D., León, A., and Molina Rubio, S. 2023. Additive manufacturing of thermoplastic polyurethane-cork composites for material extrusion technologies. Polymers, 15(15), p.3291.";"2023";"false";"Alvarez Gómez";"Additive manufacturing of thermoplastic polyurethane-cork composites for material extrusion technologies";"10.3390/polym15153291";"Spagna";"[""Spagna""]";"Materiali compositi / Ingegneria";"composito a base sughero";"Alto";"3–4 (stimato)";"3";"4";"true";"Medio";"3";"trasferibilità media per filiera sughero/edilizia/materiali; da verificare costi e scala.";"3";"B";"false";"[160]";"[]";
"51";"Antunes e Sousa, G. J., Rocha, A. R. S., Serra, G. F., Fernandes, F. A. O., & Alves de Sousa, R. J. (2023). Shear Thickening Fluids in Cork Agglomerates: An Exploration of Advantages and Drawbacks. Sustainability, 15(8), 6764.";"2023";"false";"Antunes e Sousa";"Shear Thickening Fluids in Cork Agglomerates: An Exploration of Advantages and Drawbacks";"10.3390/su15086764";"Portogallo";"[""Portogallo""]";"Compositi";"Sughero/materiale non specificato";"Molto alto";"TRL 2–4";"2";"4";"false";"Medio";"3";"potenziale da verificare rispetto a imprese e impianti sardi";"4";"B";"false";"[160]";"[]";
"52";"Bellei, P., Magalhães, F., Pereira, M., Torres, I., Solstad, R., and Flores-Colen, I. 2023. Innovative Thermal Renders Incorporating Oyster Shells for Sustainable Insulation. Sustainability (Switzerland), 15(22).";"2023";"false";"Bellei";"Innovative Thermal Renders Incorporating Oyster Shells for Sustainable Insulation";"10.3390/su152215952";"Portogallo";"[""Portogallo""]";"Edilizia / isolamento";"Materiali bio-based (non specifici del sughero)";"Medio";"4–6";"4";"6";"false";"Alto";"3";;"3";"B";"false";"[161]";"[]";
"53";"Cobo-Ceacero, C.; Moreno-Maroto, J.; Guerrero-Martínez, M.; Uceda-Rodríguez, M.; López, A.; Martínez García, C.; Cotes-Palomino, T. (2023). Effect of the addition of organic wastes in clays to obtain expanded lightweight aggregates. Boletín de la Sociedad Española de Cerámica y Vidrio, 62(1): 88-105";"2023";"false";"Cobo-Ceacero";"Effect of the addition of organic wastes in clays to obtain expanded lightweight aggregates";"10.1016/j.bsecv.2022.02.002";"Spagna";"[""Spagna""]";"Edilizia/Materiali";"Scarti/sottoprodotti industriali / Granulato/aggregati";"Medio";"TRL 2–4";"2";"4";"false";"Medio";"4";"coerente con valorizzazione scarti del distretto";"4";"A";"false";"[161]";"[]";
"54";"Dal Poggetto, G., Marchetti, R., Lancellotti, I., Leonelli, C., & Barbieri, L. (2023). Waste Cork in Metakaolin– Geopolymer Matrix: Physico-Mechanical Characterization. Applied Sciences, 13(3), 1804.";"2023";"false";"Dal Poggetto";"Waste Cork in Metakaolin– Geopolymer Matrix: Physico-Mechanical Characterization";"10.3390/app13031804";"Italia";"[""Italia""]";"Edilizia / isolamento";"Sughero agglomerato; granulato; scarti di sughero; compositi";"Medio-Alto";"TRL 3–5";"3";"5";"false";"Alto";"5";"Alta coerenza con distretto del sughero, edilizia mediterranea e riuso degli scarti";"4";"A";"false";"[161]";"[]";
"55";"De Almeida I.D., Delgado M.J., Montagna G., Ramos L. (2023). The timeless cork design in Portugal: on the cutting edge of sustainability. In: Time and Space. Eds. Monteiro, Ming Kong, Neto. ISBN 9781003260554";"2023";"false";"De Almeida";"The timeless cork design in Portugal: on the cutting edge of sustainability";"10.1201/9781003260554-36";"Portogallo";"[""Portogallo""]";"Design";"Sughero/materiale non specificato";"Medio";"TRL 2–4";"2";"4";"false";"Medio";"3";"potenziale da verificare rispetto a imprese e impianti sardi";"3";"C";"false";"[162]";"[]";
"56";"Di Bella, G., & Palomba, G. (2023). Cork/aluminium double-layer sandwich panels under impact loading for lightweight ship structures. International Journal of Crashworthiness, 28(6), 797–808.";"2023";"false";"Di Bella";"Cork/aluminium double-layer sandwich panels under impact loading for lightweight ship structures";"10.1080/13588265.2022.2130619";"Italia";"[""Italia""]";"Compositi strutturali / trasporti";"Sughero agglomerato; carbon-cork; cork/aluminium; compositi sandwich";"Alto";"TRL 3–5";"3";"5";"false";"Medio-Alto";"4";"Interessante per diversificazione ad alto valore, richiede partnership industriali e ricerca applicata";"4";"A";"false";"[162]";"[]";
"57";"Fernandes, E. M., Lobo, F. C. M., Faria, S. I., Gomes, L. C., Silva, T. H., Mergulhão, F. J. M., & Reis, R. L. (2023). Development of Cork Biocomposites Enriched with Chitosan Targeting Antibacterial and Antifouling Properties. Molecules, 28(3), 990";"2023";"false";"Fernandes";"Development of Cork Biocomposites Enriched with Chitosan Targeting Antibacterial and Antifouling Properties";"10.3390/molecules28030990";"Portogallo";"[""Portogallo""]";"Compositi";"Composito a base sughero";"Alto";"TRL 3–5";"3";"5";"false";"Alto";"3";"potenziale da verificare rispetto a imprese e impianti sardi";"4";"B";"false";"[162]";"[]";
"58";"Jesus, J., Nunes da Silva, R., & Pintor, A. (2023). Advances in Cork Use in Adsorption Applications: An Overview of the Last Decade of Research. Separations, 10(7), 390.";"2023";"false";"Jesus";"Advances in Cork Use in Adsorption Applications: An Overview of the Last Decade of Research";"10.3390/separations10070390";"Portogallo";"[""Portogallo""]";"Materiali/Innovazione";"Sughero/materiale non specificato";"Medio";"ND/Review";;;"false";"Medio";"3";"potenziale da verificare rispetto a imprese e impianti sardi";"4";"C";"false";"[163]";"[]";
"59";"Luciano, G., Vignali, A., Vignolo, M., Utzeri, R., Bertini, F., & Iannace, S. (2023). Biocomposite Foams with Multimodal Cellular Structures Based on Cork Granulates and Microwave Processed Egg White Proteins. Materials, 16(8), 3063.";"2023";"false";"Luciano";"Biocomposite Foams with Multimodal Cellular Structures Based on Cork Granulates and Microwave Processed Egg White Proteins";"10.3390/ma16083063";"Italia";"[""Italia""]";"Biocompositi / materiali cellulari";"Granulato di sughero; biocomposito";"Alto";"TRL 2–4";"2";"4";"false";"Medio";"4";"Interessante per valorizzazione scarti e materiali bio-based";"3";"B";"false";"[163]";"[]";
"60";"Merkys, B.; Nugaras, J.; Karpenko, M.; Dubovas, A. (2023). Manufacturing and implementation of cork-based composites in aviation. Cork in aerospace: Cultivation to application. ESOGU Press, 2023. Chapter 4, p. 119-165.. ISBN 9786059975834";"2023";"false";"Merkys";"Manufacturing and implementation of cork-based composites in aviation";;"Turchia";"[""Turchia""]";"Compositi / Automotive/Aerospazio/Protezione";"Composito a base sughero";"Alto";"TRL 5–7";"5";"7";"false";"Alto";"2";"richiede partnership tecnologiche avanzate";"3";"B";"false";"[163]";"[""DOI: 'ND' nella fonte.""]";
"61";"Pereira, A.; Afonso, D.; Pires, L.; Clemente, V. (2023). The Use of Cork and Silicone Rubber with Embedded Sensors in Sports' Smart Protections. Key Engineering Materials Pereira, A., Afonso, D.G., Pires, L., & Clemente, V. (2023). The Use of Cork and Silicone Rubber with Embedded Sensors in Sports' Smart Protections: Studies on the Impact Absorption Performance. Key Engineering Materials, 958, 119 - 129.";"2023";"false";"Pereira";"The Use of Cork and Silicone Rubber with Embedded Sensors in Sports' Smart Protections";"10.4028/p-NYJRh7";"Portogallo";"[""Portogallo""]";"Compositi / Automotive/Aerospazio/Protezione";"Composito a base sughero";"Molto alto";"TRL 2–4";"2";"4";"false";"Medio";"3";"potenziale da verificare rispetto a imprese e impianti sardi";"4";"B";"false";"[164]";"[]";
"62";"Pinto, C.; Cravo, S.; Mota, S.; Rego, L.; Silva, J.; Almeida, A.; Afonso, C.; Tiritan, M.; Cidade, H.; Almeida, I. (2023). Cork by-products as a sustainable source of potential antioxidants.Sustainable Chemistry and Pharmacy, 36: 101252";"2023";"false";"Pinto";"Cork by-products as a sustainable source of potential antioxidants";"10.1016/j.scp.2023.101252";"Portogallo";"[""Portogallo""]";"Cosmesi/Farmaceutico/Bioattivi";"Scarti/sottoprodotti industriali";"Medio";"TRL 2–4";"2";"4";"false";"Medio";"4";"coerente con valorizzazione scarti del distretto";"4";"A";"false";"[164]";"[]";
"63";"Rego, L., Mota, S., Torres, A., Pinto, C., Cravo, S., Silva, J. R. e., Páscoa, R. N. M. J., Almeida, A., Amaro, F., Pinho, P. G., Cidade, H., Silva, J. P., Sousa Lobo, J. M., & Almeida, I. F. (2023). Quercus suber Bark as a Sustainable Source of Value-Added Compounds: Experimental Studies with Cork By-Products. Forests, 14(3), 543.";"2023";"false";"Rego";"Quercus suber Bark as a Sustainable Source of Value-Added Compounds: Experimental Studies with Cork By-Products";"10.3390/f14030543";"Portogallo";"[""Portogallo""]";"Materiali/Innovazione";"Sughero vergine/corteccia";"Medio";"TRL 2–4";"2";"4";"false";"Medio";"3";"potenziale da verificare rispetto a imprese e impianti sardi";"4";"B";"false";"[164,165]";"[""Record spezzato su due pagine (164-165) e ricomposto.""]";
"64";"Slavova, G.; Doneva, Y. (2023). Cork as a renewable and recyclable material and the possibility to use a circular production model for various cork products. In Current trends and challenges for forest-based sector: Carbon neutrality and bioeconomy. Proceedings 16th International Scientific Conference WoodEMA 2023.";"2023";"false";"Slavova";"Cork as a renewable and recyclable material and the possibility to use a circular production model for various cork products";;"Repubblica Ceca";"[""Repubblica Ceca""]";"Materiali/Innovazione";"Sughero/materiale non specificato";"Medio";"TRL 2–4";"2";"4";"false";"Medio";"3";"potenziale da verificare rispetto a imprese e impianti sardi";"3";"B";"false";"[165]";"[""DOI: 'ND' nella fonte.""]";
"65";"Sousa, G.; Fernandes, F.; Rocha, A.; Serra, G.; Sousa, R. (2023). Manufacturing of Novel Cork-STF Composites Designed for Impact Energy Absorption. Key Engineering Materials 957:29-34";"2023";"false";"Sousa";"Manufacturing of Novel Cork-STF Composites Designed for Impact Energy Absorption";"10.4028/p-7o8lXS";"Portogallo";"[""Portogallo""]";"Compositi / Design / Automotive/Aerospazio/Protezione";"Composito a base sughero";"Alto";"TRL 3–5";"3";"5";"false";"Alto";"3";"potenziale da verificare rispetto a imprese e impianti sardi";"4";"B";"false";"[165]";"[]";
"66";"Suffo, M., Martín-Alconchel, I (2023). Feasibility of the manufacturing process of cork stoppers for spirits using vegetable and textiles fibers. Research Square (pre-printing).";"2023";"false";"Suffo";"Feasibility of the manufacturing process of cork stoppers for spirits using vegetable and textiles fibers";"10.21203/rs.3.rs-3714371/v1";"Spagna";"[""Spagna""]";"ND";;"Medio";"TRL 3–5";"3";"5";"false";;"3";;;"A";"true";"[166]";"[""Riga con struttura anomala nella fonte (10 valori invece di 11, marcata 'Inferenza'): manca la tipologia di materiale; il campo potenziale industriale contiene 'Valorizzazione e sostenibilità' e la valutazione scientifica 'inferenza' (non numerica). Mappatura euristica; celle originali in `celle_originali`."",""Valutazione scientifica non numerica nella fonte: 'inferenza'.""]";"[""Sufof, M., Martín-Alconchel, I (2023). Feasibility of the manufacturing process of cork stoppers for spirits using vegetable and textiles fibers. Research Square (pre- printing)."",""10.21203/rs.3.rs- 3714371/v1"",""Spagna"",""ND"",""Medio"",""TRL 3–5"",""Valori zzazio ne e soste nibilit à"",""★★★ ☆☆"",""inferenza"",""A"",""Infer enza""]"
"67";"Valente, M.; Silva, S.; Braga, M. (2023). Cork: Enabler of sustainable and efficient coaxial structural batteries.Heliyon 2023 Apr 8;9(4):e15063";"2023";"false";"Valente";"Cork: Enabler of sustainable and efficient coaxial structural batteries";"10.1016/j.heliyon.2023.e15063";"Portogallo";"[""Portogallo""]";"Energia";"Sughero/materiale non specificato";"Molto alto";"TRL 2–4";"2";"4";"false";"Medio-Alto";"2";"richiede partnership tecnologiche avanzate";"4";"B";"false";"[166]";"[]";
"68";"Vasconcelos, G., Carvalho, L., Araújo, F., Pinto, F., Barbosa, R., Santos, M., and Alves, T. 2023. Thermal and acoustic performance of green polyethylene/cork composite for civil construction applications. Materials Research, 26";"2023";"false";"Vasconcelos";"Thermal and acoustic performance of green polyethylene/cork composite for civil construction applications";"10.1590/1980-5373-MR-2022-0232";"Brasile";"[""Brasile""]";"Edilizia / Isolamento / Architettura";"composito a base sughero";"Medio";"3–4 (stimato)";"3";"4";"true";"Alto";"4";"trasferibilità alta per filiera sughero/edilizia/materiali; da verificare costi e scala.";"3";"A";"false";"[166]";"[]";
"69";"Yuste-Córdoba, F., Largo-Gosens, A., Mélida, H., and Godoy-Cancho, B. 2023. Direct analysis of valuable by-products in cork wastewater. Case Studies in Chemical and Environmental Engineering, 8: 100484";"2023";"false";"Yuste-Córdoba";"Direct analysis of valuable by-products in cork wastewater";"10.1016/j.cscee.2023.100484";"Spagna";"[""Spagna""]";"Adsorbimento/trattamento";;"Medio";"TRL 3–5";"3";"5";"false";;"5";;;"A";"true";"[166,167]";"[""Riga con struttura anomala nella fonte (10 valori invece di 11, marcata 'Inferenza'): manca la tipologia di materiale; il campo potenziale industriale contiene 'Valorizzazione e sostenibilità' e la valutazione scientifica 'inferenza' (non numerica). Mappatura euristica; celle originali in `celle_originali`."",""Valutazione scientifica non numerica nella fonte: 'inferenza'."",""Record spezzato su due pagine (166-167) e ricomposto.""]";"[""Yuste-Córdoba, F., Largo- Gosens, A., Mélida, H., and Godoy-Cancho, B. 2023. Direct analysis of valuable by-products in cork wastewater. Case Studies in"",""10.1016/j.cscee.202 3.100484"",""Spagna"",""Adsorbiment o/tratatment o"",""Medio"",""TRL 3–5"",""Valori zzazio ne e soste nibilit à"",""★★★ ★★"",""inferenza"",""A"",""Infer enza""]"
"70";"Allegrini, A., Salvaneschi, P., Schirone, B., Cianfaglione, K., and Michele, A. 2022. Multipurpose plant species and circular economy: Corylus avellana L. as a study case. Frontiers in Bioscience - Landmark, 27(1), p.11.";"2022";"false";"Allegrini";"Multipurpose plant species and circular economy: Corylus avellana L. as a study case";"10.31083/j.fbl2701011";"Italia";"[""Italia""]";"Economia circolare / waste / focus sanitario";"Hazel crops (eaves, skins, shells, husks and pruning material)";"Medio";"TRL 3–5";"3";"5";"false";"Medio";"3";;"4";"A";"false";"[167]";"[]";
"71";"Chanut, J.; Wang, Y.; Gougeon, R.; Bellat, J.P.; Karbowiak, T. (2022). Unraveling the Complex Interfacial Properties of Cork-Based Materials in Their Use as Wine Stoppers. ACS Applied Materials & Interfaces, 14(37), 42602–42612.";"2022";"false";"Chanut";"Unraveling the Complex Interfacial Properties of Cork-Based Materials in Their Use as Wine Stoppers";"10.1021/acsami.2c07299";"Francia";"[""Francia""]";"Packaging/enologia";"Sughero naturale/agglomerato/scarti tappi";"Medio-Alto";"6–8";"6";"8";"false";"Alto";"4";"Coerente con filiera tappo sarda, soprattutto per innovazione di processo e recupero scarti";"4";"A";"false";"[167]";"[]";
"72";"Correia, E.; Sousa, S. (2022). Circular Economy in Portuguese Organizations – A Systematic Literature Review. Portuguese Journal of Finance, Management and Accountin, 8(15).";"2022";"false";"Correia";"Circular Economy in Portuguese Organizations – A Systematic Literature Review";"10.54663/2183-3826.2022.v8.n15.21-44";"Portogallo";"[""Portogallo""]";"Economia circolare/Governance";"Sughero/materiale non specificato";"Medio";"ND/Non tecnologico";;;"false";"Medio";"3";"potenziale da verificare rispetto a imprese e impianti sardi";"4";"B";"false";"[167,168]";"[""Record spezzato su due pagine (167-168) e ricomposto.""]";
"73";"Correia, J. M. D., Serra, G. F., Alves de Sousa, R. J., Pereira, A. B., & Fernandes, F. A. O. (2022). Expanded (Black) Cork for the Development of an Eco-Friendly Surfboard: Environmental Impact and Mechanical Properties. Sustainability, 14(2), 668.";"2022";"false";"Correia";"Expanded (Black) Cork for the Development of an Eco-Friendly Surfboard: Environmental Impact and Mechanical Properties";"10.3390/su14020668";"Portogallo";"[""Portogallo""]";"Materiali / Economia circolare";"sughero espanso/agglomerato espanso";"Medio";"3–4 (stimato)";"3";"4";"true";"Medio";"4";"trasferibilità alta per filiera sughero/edilizia/materiali; da verificare costi e scala.";"3";"B";"false";"[168]";"[]";
"74";"Corte-Real, L. M. R. M., Jalali, S., Borges, C. S. P., Marques, E. A. S., Carbas, R. J. C., & da Silva, L. F. M. (2022). Development and Characterisation of Joints with Novel Densified and Wood/Cork Composite Substrates. Materials, 15(20), 7163";"2022";"false";"Corte-Real";"Development and Characterisation of Joints with Novel Densified and Wood/Cork Composite Substrates";"10.3390/ma15207163";"Portogallo";"[""Portogallo""]";"Materiali compositi / Ingegneria";"composito a base sughero";"Medio";"3–4 (stimato)";"3";"4";"true";"Medio";"3";"trasferibilità media per filiera sughero/edilizia/materiali; da verificare costi e scala.";"3";"B";"false";"[168]";"[]";
"75";"De León, A., Núñez-Gálvez, F., Moreno-Sánchez, D., Fernández-Delgado, N., and Molina, S. 2022. Polymer Composites with Cork Particles Functionalized by Surface Polymerization for Fused Deposition Modeling. ACS Appl. Polym. Mater. 2022, 4, 2, 1225–1233.";"2022";"false";"De León";"Polymer Composites with Cork Particles Functionalized by Surface Polymerization for Fused Deposition Modeling";"10.1021/acsapm.1c01632";"Spagna";"[""Spagna""]";"Compositi";;"Medio";"TRL 3–5";"3";"5";"false";;"3";;;"A";"true";"[169]";"[""Riga con struttura anomala nella fonte (10 valori invece di 11, marcata 'Inferenza'): manca la tipologia di materiale; il campo potenziale industriale contiene 'Valorizzazione e sostenibilità' e la valutazione scientifica 'inferenza' (non numerica). Mappatura euristica; celle originali in `celle_originali`."",""Valutazione scientifica non numerica nella fonte: 'inferenza'.""]";"[""De León, A., Núñez-Gálvez, F., Moreno-Sánchez, D., Fernández-Delgado, N., and Molina, S. 2022. Polymer Composites with Cork Particles Functionalized by Surface Polymerization for Fused Deposition Modeling. ACS Appl. Polym. Mater. 2022, 4, 2, 1225–1233."",""10.1021/acsapm.1c 01632"",""Spagna"",""Compositi"",""Medio"",""TRL 3–5"",""Valori zzazio ne e soste nibilit à"",""★★★ ☆☆"",""inferenza"",""A"",""Infer enza""]"
"76";"Ferreira Serra, G., Fernandes, F., Sousa, R., Noronha, E., and Ptak, M. 2022. New hybrid cork-STF (Shear thickening fluid) polymeric composites to enhance head safety in micro-mobility accidents. Composite Structures, 301.";"2022";"false";"Ferreira Serra";"New hybrid cork-STF (Shear thickening fluid) polymeric composites to enhance head safety in micro-mobility accidents";"10.1016/j.compstruct.2022.116138";"Portogallo";"[""Portogallo""]";"Compositi strutturali / protezione";"Composito sughero-polimero";"Alto";"3–4";"3";"4";"false";"Alto";"4";;"4";"A";"false";"[169]";"[]";
"77";"Lopes, H., Silva, S.P., Machado, J. (2022). Modelling of Thermal Properties and Temperature Evolution of Cork Composites During Moulding Process: Model Development. In: Machado, J., Soares, F., Trojanowska, J., Ottaviano, E. (eds) Innovations in Mechanical Engineering. icieng 2021. Lecture Notes in Mechanical Engineering. Springer, Cham.";"2022";"false";"Lopes";"Modelling of Thermal Properties and Temperature Evolution of Cork Composites During Moulding Process: Model Development";"10.1007/978-3-030-79165-0_27";"Portogallo";"[""Portogallo""]";"Compositi";"Composito a base sughero";"Alto";"TRL 3–5";"3";"5";"false";"Alto";"3";"potenziale da verificare rispetto a imprese e impianti sardi";"4";"B";"false";"[169,170]";"[""Record spezzato su due pagine (169-170) e ricomposto.""]";
"78";"Maderuelo-Sanz, R., García-Cobos, F., Sánchez-Delgado, F., Meneses-Rodríguez, J., and Mota-López, M. 2022. Mechanical and acoustical evaluation of bio-based composites made of cork granulates for acoustic ceiling tiles. Materiales de Construccion, 72(347).";"2022";"false";"Maderuelo-Sanz";"Mechanical and acoustical evaluation of bio-based composites made of cork granulates for acoustic ceiling tiles";"10.3989/mc.2022.15221";"Spagna";"[""Spagna""]";"Compositi";;"Medio";"TRL 3–5";"3";"5";"false";;"3";;;"A";"true";"[170]";"[""Riga con struttura anomala nella fonte (10 valori invece di 11, marcata 'Inferenza'): manca la tipologia di materiale; il campo potenziale industriale contiene 'Valorizzazione e sostenibilità' e la valutazione scientifica 'inferenza' (non numerica). Mappatura euristica; celle originali in `celle_originali`."",""Valutazione scientifica non numerica nella fonte: 'inferenza'.""]";"[""Maderuelo-Sanz, R., García-Cobos, F., Sánchez- Delgado, F., Meneses- Rodríguez, J., and Mota- López, M. 2022. Mechanical and acoustical evaluation of bio-based composites made of cork granulates for acoustic ceiling tiles. Materiales de Construccion, 72(347)."",""10.3989/mc.2022.1 5221"",""Spagna"",""Compositi"",""Medio"",""TRL 3–5"",""Valori zzazio ne e soste nibilit à"",""★★★ ☆☆"",""inferenza"",""A"",""Infer enza""]"
"79";"Malchiodi, B., Marchetti, R., Barbieri, L., & Pozzi, P. (2022). Recovery of Cork Manufacturing Waste within Mortar and Polyurethane: Feasibility of Use and Physical, Mechanical, Thermal Insulating Properties of the Final Green Composite Construction Materials. Applied Sciences, 12(8), 3844.";"2022";"false";"Malchiodi";"Recovery of Cork Manufacturing Waste within Mortar and Polyurethane: Feasibility of Use and Physical, Mechanical, Thermal Insulating Properties of the Final Green Composite Construction Materials";"10.3390/app12083844";"Italia";"[""Italia""]";"Edilizia/Materiali";"Scarti/sottoprodotti industriali";"Medio";"TRL 2–4";"2";"4";"false";"Medio";"5";"coerente con valorizzazione scarti del distretto; applicabile a edilizia sostenibile e filiere locali";"4";"A";"false";"[170,171]";"[""Record spezzato su due pagine (170-171) e ricomposto.""]";
"80";"Martínez-Martínez, D., Tiss, B., Glanzmann, L., Wolthuizen, D., Cunha, L., Mansilla, C., and De Hosson, J. 2022. Protective films on complex substrates of thermoplastic and cellular elastomers: Prospective applications to rubber, nylon and cork. Surface and Coatings Technology, 442.";"2022";"false";"Martínez-Martínez";"Protective films on complex substrates of thermoplastic and cellular elastomers: Prospective applications to rubber, nylon and cork";"10.1016/j.surfcoat.2022.128405";"Multipaese";"[""Multipaese""]";"Materiali bio-based";"Composito sughero-polimero";"Alto";"3–4";"3";"4";"false";"Medio";"3";;"3";"B";"false";"[171]";"[]";
"81";"Pereira, G. T. d. A., Sousa, R. J. A. d., Liu, I.-S., Teixeira, M. G., & Fernandes, F. A. O. (2022). A New Material Model for Agglomerated Cork. Mathematical and Computational Applications, 27(6), 92.";"2022";"false";"Pereira";"A New Material Model for Agglomerated Cork";"10.3390/mca27060092";"Portogallo";"[""Portogallo""]";"Materiali compositi / Ingegneria";"sughero agglomerato";"Molto alto";"3–4 (stimato)";"3";"4";"true";"Medio";"4";"trasferibilità alta per filiera sughero/edilizia/materiali; da verificare costi e scala.";"3";"B";"false";"[171]";"[]";
"82";"Sergi, C., Sarasini, F., Fiore, V., Barbero, E., Sánchez-Sáez, S., Tirillo, J., Sergi, C., Sarasini, F., Fiore, V., Barbero, E., and Sanchez-Saez, S. 2022. The effects of water absorption and salt fog exposure on agglomerated cork compressive response. Springer, 80(1), p.101–114.";"2022";"false";"Sergi";"The effects of water absorption and salt fog exposure on agglomerated cork compressive response";"10.1007/s00107-021-01754-7";"Italia / Spagna";"[""Italia"",""Spagna""]";"Materiali";"Sughero / derivati";"Medio";"TRL 3–4";"3";"4";"false";"Medio";"3";"Interessante per filiera sarda, da verificare con imprese e impianti locali";"3";"B";"false";"[172]";"[]";
"83";"Sergi, C., Sarasini, F., Russo, P., Vitiello, L., Barbero, E., Sanchez-Saez, S., and Tirill'o, J. 2022. Effect of temperature on the low-velocity impact response of environmentally friendly cork sandwich structures. Journal of Sandwich Structures and Materials, 24(2), p.1099–1121. https://doi.org/";"2022";"false";"Sergi";"Effect of temperature on the low-velocity impact response of environmentally friendly cork sandwich structures";"10.1177/10996362211035421";"Italia / Spagna";"[""Italia"",""Spagna""]";"Compositi strutturali / trasporti";"Sughero agglomerato; carbon-cork; cork/aluminium; compositi sandwich";"Alto";"TRL 3–5";"3";"5";"false";"Medio-Alto";"4";"Interessante per diversificazione ad alto valore, richiede partnership industriali e ricerca applicata";"4";"A";"false";"[172]";"[]";
"84";"Suffo, M., Sales, D., Cortés-Triviño, E., Mata, M., and Jiménez, E. 2022. Characterization and production of agglomerated cork stoppers for spirits based on a factor analysis method. Food Packaging and Shelf Life, 31, p.100815.";"2022";"false";"Suffo";"Characterization and production of agglomerated cork stoppers for spirits based on a factor analysis method";;"Spagna";"[""Spagna""]";"ND";;"Medio";"TRL 3–5";"3";"5";"false";;"3";;;"A";"true";"[173]";"[""Riga con struttura anomala nella fonte (10 valori invece di 11, marcata 'Inferenza'): manca la tipologia di materiale; il campo potenziale industriale contiene 'Valorizzazione e sostenibilità' e la valutazione scientifica 'inferenza' (non numerica). Mappatura euristica; celle originali in `celle_originali`."",""Valutazione scientifica non numerica nella fonte: 'inferenza'."",""Cella DOI vuota nella fonte.""]";"[""Sufof, M., Sales, D., Cortés- Trivi\\~no, E., Mata, M., and Jiménez, E. 2022. Characterization and production of agglomerated cork stoppers for spirits based on a factor analysis method. Food Packaging and Shelf Life, 31, p.100815."","""",""Spagna"",""ND"",""Medio"",""TRL 3–5"",""Valori zzazio ne e soste nibilit à"",""★★★ ☆☆"",""inferenza"",""A"",""Infer enza""]"
"85";"Uceda-Rodríguez, M., Moreno-Maroto, J. M., Cobo-Ceacero, C. J., López-García, A. B., Cotes-Palomino, T., & Martínez-García, C. (2022). Comparative Life Cycle Assessment of Lightweight Aggregates Made from Waste—Applying the Circular Economy. Applied Sciences, 12(4), 1917.";"2022";"false";"Uceda-Rodríguez";"Comparative Life Cycle Assessment of Lightweight Aggregates Made from Waste—Applying the Circular Economy";"10.3390/app12041917";"Spagna";"[""Spagna""]";"Edilizia/Materiali / Economia circolare/Governance / LCA/Sostenibilità";"Scarti/sottoprodotti industriali / Granulato/aggregati";"Medio";"TRL 2–4";"2";"4";"false";"Medio";"4";"coerente con valorizzazione scarti del distretto";"4";"A";"false";"[173]";"[]";
"86";"Barreca, F., Arcuri, N., Cardinali, G. D., & Di Fazio, S. (2021). A Bio-based Render for Insulating Agglomerated Cork Panels. Coatings, 11(12), 1478.";"2021";"false";"Barreca";"A Bio-based Render for Insulating Agglomerated Cork Panels";"10.3390/coatings11121478";"Italia";"[""Italia""]";"Rivestimenti funzionali / materiali avanzati";"Cork-derived composites; cork filler; scarti di sughero";"Alto";"TRL 2–4";"2";"4";"false";"Medio-Alto";"4";"Promettente per nicchie ad alto valore e ricerca industriale";"3";"B";"false";"[173]";"[]";
"87";"Barrigón Morillas, J. M., Montes González, D., Vílchez-Gómez, R., Gómez Escobar, V., Maderuelo-Sanz, R., Rey Gozalo, G., & Atanasio Moraga, P. (2021). Virgin Natural Cork Characterization as a Sustainable Material for Use in Acoustic Solutions. Sustainability, 13(9), 4976.";"2021";"false";"Barrigón Morillas";"Virgin Natural Cork Characterization as a Sustainable Material for Use in Acoustic Solutions";"10.3390/su13094976";"Spagna / Danimarca";"[""Spagna"",""Danimarca""]";"Materiali/Innovazione";"Sughero vergine/corteccia";"Medio";"TRL 2–4";"2";"4";"false";"Medio";"3";"potenziale da verificare rispetto a imprese e impianti sardi";"3";"B";"false";"[174]";"[]";
"88";"Brunet-Navarro, P., Sanz, S. G., Doménech, M. M., Santafé, M. R., Hermoso, E., Sánchez-González, M., Luengo, E., Mandrara, Z., Gominho, J., & Oliver-Villanueva, J. V. (2021). Interlocking Modular Insulation Panels Manufactured with Mediterranean Pinewood and Cork. Environmental Sciences Proceedings, 3(1), 86.";"2021";"false";"Brunet-Navarro";"Interlocking Modular Insulation Panels Manufactured with Mediterranean Pinewood and Cork";"10.3390/IECF2020-08072";"Spagna / Portogallo";"[""Spagna"",""Portogallo""]";"Materiali biobased";"Pannelli isolanti modulari interconnessi con una base in legno e sughero.";"Medio";"TRL 3–5";"3";"5";"false";"Alto";"5";;"4";"A";"false";"[174]";"[]";
"89";"Bustillo Revuelta, M. (2021). Wood and Cork. In: Construction Materials. Springer Textbooks in Earth Sciences, Geography and Environment. Springer, Cham.";"2021";"false";"Bustillo Revuelta";"Wood and Cork";"10.1007/978-3-030-65207-4_18";"Multipaese";"[""Multipaese""]";"Materiali bio-based / Wood-based products (plywood, wood-based panels, and glued laminated timber)";"Sughero / materiale a base sughero";"Medio";"3–4";"3";"4";"false";"Medio";"3";;"3";"B";"false";"[175]";"[]";
"90";"Esteves, M.M.V. (2021). Honeycomb Sandwich Structures made with Cork. MSc Thesis. Faculdade de Engenhairia. Universidade do Porto";"2021";"false";"Esteves";"Honeycomb Sandwich Structures made with Cork";;"Portogallo";"[""Portogallo""]";"Compositi";"Composito a base sughero";"Medio";"TRL 2–4";"2";"4";"false";"Medio";"3";"potenziale da verificare rispetto a imprese e impianti sardi";"3";"B";"false";"[175]";"[""DOI: 'ND' nella fonte.""]";
"91";"Giannotas, G., Kamperidou, V., and Barboutis, I. 2021. Tree bark utilization in insulating bio-aggregates: a review. Biofuels, Bioproducts and Biorefining, 15(6), p.1989–1999.";"2021";"false";"Giannotas";"Tree bark utilization in insulating bio-aggregates: a review";"10.1002/bbb.2291";"Multipaese";"[""Multipaese""]";"Materiali bio-based / corteccia alberi in generale";"Corteccia/altri bio-aggregati";"Medio";"ND";;;"false";"Medio";"3";;"4";"B";"false";"[175]";"[]";
"92";"Lassi, U., Laukkanen, J., Lempiäinen, H., Pesonen, J., Runtti, H., Samarina, T., and Tuomikoski, S. 2021. New processes of the circular economy in water and wastewater treatment: Waterpro project publication. University of Jyväskylä, Kokkola University Consortium Chydenius";"2021";"false";"Lassi";"New processes of the circular economy in water and wastewater treatment: Waterpro project publication";;"Multipaese";"[""Multipaese""]";"Ambiente / trattamento acque con cork waste";"Materiali bio-based (non specifici del sughero)";"Medio";"ND";;;"false";"Medio-Alto";"3";;"3";"B";"false";"[176]";"[""DOI: 'ND' nella fonte.""]";
"93";"Miralbes, R., Ranz, D., Gómez, J., and Zouzias, D. 2021. Natural cork and its agglomerates as substitutes for high-density expanded polystyrene foams in sandwich cores. Holzforschung, 75(11), p.1019–1031.";"2021";"false";"Miralbes";"Natural cork and its agglomerates as substitutes for high-density expanded polystyrene foams in sandwich cores";"10.1515/hf-2021-0004";"Spagna";"[""Spagna""]";"Compositi strutturali / protezione";"Sughero agglomerato";"Medio";"4–6";"4";"6";"false";"Alto";"4";;"4";"A";"false";"[176]";"[]";
"94";"Morillas, J., González, D., Vílchez-Gómez, R., Escobar, V., Maderuelo-Sanz, R., Gozalo, G., and Moraga, P. 2021. Virgin natural cork characterization as a sustainable material for use in acoustic solutions. Sustainability (Switzerland), 13(9).";"2021";"false";"Morillas";"Virgin natural cork characterization as a sustainable material for use in acoustic solutions";"10.3390/su13094976";"Multipaese";"[""Multipaese""]";"Materiali bio-based / review";"Sughero naturale/vergine";"Medio";"3–4";"3";"4";"false";"Medio";"3";;"3";"B";"false";"[176,177]";"[""Record spezzato su due pagine (176-177) e ricomposto.""]";
"95";"Novais, R.; Senff, L.; Carvalheiras, J.; Lacasta, A.; Cantalapiedra, I.; Labrincha, J. (2021). Simple and effective route to tailor thermal, acoustic and hygrothermal properties of cork-containing waste derived inorganic polymer composites.Journal of Building Engineering, 42: 102501";"2021";"false";"Novais";"Simple and effective route to tailor thermal, acoustic and hygrothermal properties of cork-containing waste derived inorganic polymer composites";"10.1016/j.jobe.2021.102501";"Multipaese";"[""Multipaese""]";"Compositi";"Scarti/sottoprodotti industriali / Composito a base sughero";"Alto";"TRL 3–5";"3";"5";"false";"Alto";"4";"coerente con valorizzazione scarti del distretto";"4";"A";"false";"[177]";"[]";
"96";"Ramos, L. (2021). How to improve the corporate framework of the Portuguese cork industry. MsC dissertation, Iscte - Instituto Universitário de Lisboa.";"2021";"false";"Ramos";"How to improve the corporate framework of the Portuguese cork industry";;"Portogallo";"[""Portogallo""]";"Materiali/Innovazione";"Sughero/materiale non specificato";"Medio";"ND/Non tecnologico";;;"false";"Medio";"3";"potenziale da verificare rispetto a imprese e impianti sardi";"3";"B";"false";"[177]";"[""DOI: 'ND' nella fonte.""]";
"97";"Sergi, C., Boria, S., Sarasini, F., Russo, P., Vitiello, L., Barbero, E., Sanchez-Saez, S., and Tirillò, J. 2021. Experimental and finite element analysis of the impact response of agglomerated cork and its intraply hybrid flax/basalt sandwich structures. Composite Structures, 272.";"2021";"false";"Sergi";"Experimental and finite element analysis of the impact response of agglomerated cork and its intraply hybrid flax/basalt sandwich structures";"10.1016/j.compstruct.2021.114210";"Italia / Spagna";"[""Italia"",""Spagna""]";"Compositi strutturali / trasporti";"Sughero agglomerato; carbon-cork; cork/aluminium; compositi sandwich";"Alto";"TRL 3–5";"3";"5";"false";"Medio-Alto";"4";"Interessante per diversificazione ad alto valore, richiede partnership industriali e ricerca applicata";"4";"A";"false";"[178]";"[]";
"98";"Vieira, I.G. 2021. Environmental and Social Impacts of Cork Products and Forest Bioenergy. MSc Thesis. University of Lisbon.";"2021";"false";"Vieira";"Environmental and Social Impacts of Cork Products and Forest Bioenergy";;"Portogallo";"[""Portogallo""]";"Agricoltura / Substrati / Bioenergia";"sughero naturale/agglomerato";"Medio";"3–4 (stimato)";"3";"4";"true";"Medio";"4";"trasferibilità alta per filiera sughero/edilizia/materiali; da verificare costi e scala.";"3";"B";"false";"[178]";"[""DOI: 'ND' nella fonte.""]";
"99";"Boussetoua, H., Maalouf, C., Lachi, M., Belhamri, A., and Moussa, T. 2020. Mechanical and hygrothermal characterisation of cork concrete composite: experimental and modelling study. European Journal of Environmental and Civil Engineering, 24(4), p.456–471.";"2020";"false";"Boussetoua";"Mechanical and hygrothermal characterisation of cork concrete composite: experimental and modelling study";"10.1080/19648189.2017.1397551";"Francia";"[""Francia""]";"Edilizia / isolamento";"Sughero / materiale a base sughero";"Medio";"4–6";"4";"6";"false";"Alto";"4";;"4";"A";"false";"[178]";"[]";
"100";"Diaz-Maroto, I., and Diaz-Maroto, M. 2020. Cork from Quercus suber L.: Forest certification system for sustainable management of cork oak forests. Wood Research, 65(5), p.855–864.";"2020";"false";"Diaz-Maroto";"Cork from Quercus suber L.: Forest certification system for sustainable management of cork oak forests";"10.37763/wr.1336-4561/65.5.855864";"Spagna";"[""Spagna""]";"Economia circolare / FSC / PES";"Sughero / materiale a base sughero";"Medio";"ND";;;"false";"Medio";"4";;"3";"A";"false";"[179]";"[]";
"101";"Folhas, M. 2020. Circular economy: the pedagogical case study of corticeira amorim's business model. MSc Thesis. Instituto Universitàrio de Lisboa.";"2020";"false";"Folhas";"Circular economy: the pedagogical case study of corticeira amorim's business model";;"Portogallo";"[""Portogallo""]";"Economia circolare / governance";"Materiali bio-based (non specifici del sughero)";"Medio";"ND";;;"false";"Medio";"3";;"3";"B";"false";"[179]";"[""DOI: 'ND' nella fonte.""]";
"102";"Janevski, S. (2020). Design for sustainability as a key driver for exploring the potential of cork material. Carleton University (pre-printing)";"2020";"false";"Janevski";"Design for sustainability as a key driver for exploring the potential of cork material";"10.13140/RG.2.2.10686.02887";"ND";"[]";"Design";"Sughero/materiale non specificato";"Medio";"TRL 2–4";"2";"4";"false";"Medio";"3";"potenziale da verificare rispetto a imprese e impianti sardi";"3";"C";"false";"[179]";"[]";
"103";"Marques, A., Cunha, J., De Meyer, A., & Navare, K. (2020). Contribution Towards a Comprehensive Methodology for Wood-Based Biomass Material Flow Analysis in a Circular Economy Setting. Forests, 11(1), 106.";"2020";"false";"Marques";"Contribution Towards a Comprehensive Methodology for Wood-Based Biomass Material Flow Analysis in a Circular Economy Setting";"10.3390/f11010106";"Portogallo / Belgio";"[""Portogallo"",""Belgio""]";"Economia circolare/Governance / Agricoltura/Biomassa";"Sughero/materiale non specificato";"Medio";"TRL 2–4";"2";"4";"false";"Medio";"3";"potenziale da verificare rispetto a imprese e impianti sardi";"4";"B";"false";"[179]";"[]";
"104";"Martins CI and Gil V (2020) Processing–Structure– Properties of Cork Polymer Composites. Front. Mater. 7:297.";"2020";"false";"Martins";"Processing–Structure– Properties of Cork Polymer Composites";"10.3389/fmats.2020.00297";"Portogallo";"[""Portogallo""]";"Compositi";"Composito a base sughero";"Alto";"TRL 3–5";"3";"5";"false";"Alto";"3";"potenziale da verificare rispetto a imprese e impianti sardi";"4";"B";"false";"[180]";"[]";
"105";"Novais, R. M., Senff, L., Carvalheiras, J., & Labrincha, J. A. (2020). Bi-Layered Porous/Cork-Containing Waste-Based Inorganic Polymer Composites: Innovative Material towards Green Buildings. Applied Sciences, 10(9), 2995.";"2020";"false";"Novais";"Bi-Layered Porous/Cork-Containing Waste-Based Inorganic Polymer Composites: Innovative Material towards Green Buildings";"10.3390/app10092995";"Portogallo / Brasile";"[""Portogallo"",""Brasile""]";"Edilizia / Isolamento / Architettura";"scarti/residui di lavorazione del sughero";"Medio";"3–4 (stimato)";"3";"4";"true";"Alto";"4";"trasferibilità alta per filiera sughero/edilizia/materiali; da verificare costi e scala.";"3";"A";"false";"[180]";"[]";
"106";"Prabhakaran, S.; Krishnaraj, V.; Shankar, K.; Senthilkumar, M.; Zitoune, R. (2020). Experimental investigation on impact, sound, and vibration response of natural-based composite sandwich made of flax and agglomerated cork. Journal of Composite Materials, 54(5), 669–680.";"2020";"false";"Prabhakaran";"Experimental investigation on impact, sound, and vibration response of natural-based composite sandwich made of flax and agglomerated cork";"10.1177/0021998319871354";"Multipaese";"[""Multipaese""]";"Acustica/isolamento";"Sughero vergine/granulato/agglomerato";"Medio-Alto";"4–6";"4";"6";"false";"Alto";"4";"Applicazione interessante per edilizia, interni e prodotti ad alto valore";"4";"A";"false";"[180]";"[]";
"107";"Ramos, A., Berzosa, J., Clarens, F., Marin, M., and Rouboa, A. 2020. Environmental and socio-economic assessment of cork waste gasification: Life cycle and cost analysis. Journal of Cleaner Production, 249: 119316";"2020";"false";"Ramos";"Environmental and socio-economic assessment of cork waste gasification: Life cycle and cost analysis";"10.1016/j.jclepro.2019.119316";"Multipaese";"[""Multipaese""]";"Circular economy";;"Medio";"TRL 3–5";"3";"5";"false";;"3";;;"A";"true";"[181]";"[""Riga con struttura anomala nella fonte (10 valori invece di 11, marcata 'Inferenza'): manca la tipologia di materiale; il campo potenziale industriale contiene 'Valorizzazione e sostenibilità' e la valutazione scientifica 'inferenza' (non numerica). Mappatura euristica; celle originali in `celle_originali`."",""Valutazione scientifica non numerica nella fonte: 'inferenza'.""]";"[""Ramos, A., Berzosa, J., Clarens, F., Marin, M., and Rouboa, A. 2020. Environmental and socio- economic assessment of cork waste gasification: Life cycle and cost analysis. Journal of Cleaner Production, 249: 119316"",""10.1016/j.jclepro.20 19.119316"",""Multipaese"",""Circular economy"",""Medio"",""TRL 3–5"",""Valori zzazio ne e soste nibilit à"",""★★★ ☆☆"",""inferenza"",""A"",""Infer enza""]"
"108";"Ramos, M. (2020). Knowledge Organization and Terminology: application to Cork. PhD Thesis. Université Savoie Mont Blanc; Universidade nova de Lisboa, 2020";"2020";"false";"Ramos";"Knowledge Organization and Terminology: application to Cork";;"Portogallo";"[""Portogallo""]";"Materiali/Innovazione";"Sughero/materiale non specificato";"Medio";"TRL 2–4";"2";"4";"false";"Medio";"3";"potenziale da verificare rispetto a imprese e impianti sardi";"3";"B";"false";"[181]";"[""DOI: 'ND' nella fonte.""]";
"109";"Wall, C.; Schlimme, H.; McLean, W.; Wilton, O.; Howland, M.; Allison, T. Wilton, O., & Howland, M. B. (2020). Cork Construction Kit. The Journal of Architecture, 25(2), 138–165. (2020). Cork.";"2020";"false";"Wall";"Cork Construction Kit";"10.1080/13602365.2020.1733812";"UK";"[""Regno Unito""]";"Materiali/Innovazione";"Sughero/materiale non specificato";"Medio";"TRL 2–4";"2";"4";"false";"Medio";"3";"potenziale da verificare rispetto a imprese e impianti sardi";"4";"B";"false";"[181]";"[]";
"110";"Zasenko, K. 2020. Market research: cork as a building and decoration material in Finland. BAA Thesis. Seinäjoki University of Applied Sciences";"2020";"false";"Zasenko";"Market research: cork as a building and decoration material in Finland";;"Finlandia / Portogallo";"[""Finlandia"",""Portogallo""]";"Edilizia / architettura";"Sughero / materiale a base sughero";"Medio-Alto";"6–8";"6";"8";"false";"Alto";"4";;"4";"A";"false";"[182]";"[""DOI: 'ND' nella fonte.""]";
"111";"Zheliazkova M., Giglio A., Paoletti I.(2020). Acoustic characterisation of eco-friendly cork-based composites. e-Forum Acusticum 2020, Dec 2020, Lyon, France. pp.1619-1626";"2020";"false";"Zheliazkova";"Acoustic characterisation of eco-friendly cork-based composites";"10.48465/fa.2020.1094";"Francia";"[""Francia""]";"Acustica / vibrazioni";"Sughero naturale; agglomerato; cork-rubber; compositi";"Medio-Alto";"TRL 4–6";"4";"6";"false";"Alto";"5";"Applicazione vicina alle competenze produttive del comparto sardo";"4";"A";"false";"[182]";"[]";
"112";"Barreca, F.; Martinez Gabarron, A.; Flores Yepes, J.; Pastor Perez, J. (2019). Innovative use of giant reed and cork residues for panels of buildings in Mediterranean area. https://doi.org/10.1016/j.resconrec.2018.10.018";"2019";"false";"Barreca";"Innovative use of giant reed and cork residues for panels of buildings in Mediterranean area";"10.1016/j.resconrec.2018.10.018";"Area mediterranea";"[""Area mediterranea""]";"Edilizia/Materiali";"Scarti/sottoprodotti industriali";"Medio";"TRL 2–4";"2";"4";"false";"Alto";"5";"coerente con valorizzazione scarti del distretto; applicabile a edilizia sostenibile e filiere locali";"4";"A";"false";"[182]";"[]";
"113";"Brites, F., Malça, C., Gaspar, F., Horta, J., Franco, M., Biscaia, S., and Mateus, A. 2019. The Use of Polypropylene and High-Density Polyethylene on Cork Plastic Composites for Large Scale 3D Printing. Applied Mechanics and Materials, 890, p.205–225.";"2019";"false";"Brites";"The Use of Polypropylene and High-Density Polyethylene on Cork Plastic Composites for Large Scale 3D Printing";"10.4028/www.scientific.net/AMM.890.205";"Portogallo";"[""Portogallo""]";"Additive manufacturing / 3D printing";"Composito sughero-polimero";"Medio";"3–4";"3";"4";"false";"Medio";"3";;"3";"B";"false";"[182,183]";"[""Record spezzato su due pagine (182-183) e ricomposto.""]";
"114";"Darroman, E., Guru, C., and Mandou, C. 2019. Innovation in wine closure packaging: the case of Diam. International Journal of Entrepreneurship and Small Business, 36(3), p.256.";"2019";"false";"Darroman";"Innovation in wine closure packaging: the case of Diam";"10.1504/IJESB.2019.097740";"Francia";"[""Francia""]";"Packaging / tappi";"Materiali bio-based (non specifici del sughero)";"Medio-Alto";"6–8";"6";"8";"false";"Alto";"3";;"3";"B";"false";"[183]";"[]";
"115";"do Rosário I.D., 2019. Viability Study for a Carbon-Cork Sandwich Composite. MSc in Aerospace Engineering. Instituto Superior Técnico - Universidade de Lisboa";"2019";"false";"do Rosário";"Viability Study for a Carbon-Cork Sandwich Composite";;"Portogallo";"[""Portogallo""]";"Compositi";;"Medio";"TRL 3–5";"3";"5";"false";;"3";;;"A";"true";"[183]";"[""Riga con struttura anomala nella fonte (10 valori invece di 11, marcata 'Inferenza'): manca la tipologia di materiale; il campo potenziale industriale contiene 'Valorizzazione e sostenibilità' e la valutazione scientifica 'inferenza' (non numerica). Mappatura euristica; celle originali in `celle_originali`."",""Valutazione scientifica non numerica nella fonte: 'inferenza'."",""DOI: 'ND' nella fonte.""]";"[""do Rosário I.D., 2019. Viability Study for a Carbon- Cork Sandwich Composite. MSc in Aerospace Engineering. Instituto Superior Técnico - Universidade de Lisboa"",""ND"",""Portogallo"",""Compositi"",""Medio"",""TRL 3–5"",""Valori zzazio ne e soste nibilit à"",""★★★ ☆☆"",""inferenza"",""A"",""Infer enza""]"
"116";"Ferreira, A., and Fuso-Nerini, F. 2019. A framework for implementing and tracking circular economy in cities: The case of Porto. Sustainability (Switzerland), 11(6). Sustainability, 11(6), 1813.";"2019";"false";"Ferreira";"A framework for implementing and tracking circular economy in cities: The case of Porto";"10.3390/su11061813";"Portogallo";"[""Portogallo""]";"Economia circolare / Cork Amorim";"Materiali bio-based (non specifici del sughero)";"Medio";"ND";;;"false";"Medio";"3";;"3";"B";"false";"[183]";"[]";
"117";"Ferreiro, M.F.; Sousa, C. (2019). Governance, institutions and innovation in rural territories: The case of Coruche innovation network. https://doi.org/10.1111/rsp3.12196";"2019";"false";"Ferreiro";"Governance, institutions and innovation in rural territories: The case of Coruche innovation network";"10.1111/rsp3.12196";"Portogallo";"[""Portogallo""]";"Economia circolare/Governance / Forestale/Sviluppo rurale";"Sughero/materiale non specificato";"Medio";"ND/Non tecnologico";;;"false";"Medio";"3";"potenziale da verificare rispetto a imprese e impianti sardi";"4";"B";"false";"[184]";"[]";
"118";"Kaczyński, P., Ptak, M., Fernandes, F., Chybowski, L., Wilhelm, J., and Sousa, R. 2019. Development and testing of advanced cork composite sandwiches for energy-absorbing structures. Materials, 12(5).";"2019";"false";"Kaczyński";"Development and testing of advanced cork composite sandwiches for energy-absorbing structures";"10.3390/ma12050697";"Polonia / Portogallo";"[""Polonia"",""Portogallo""]";"Compositi strutturali / protezione";"Sughero / materiale a base sughero";"Medio";"4–6";"4";"6";"false";"Alto";"4";;"4";"A";"false";"[184]";"[]";
"119";"Longou, M.M. 2019. The corky side of architecture: An investigation into the aesthetics of cuteness and innovative applications of cork in architecture. MSc Thesis, Chalmers - University of Technology";"2019";"false";"Longou";"The corky side of architecture: An investigation into the aesthetics of cuteness and innovative applications of cork in architecture";;"Svezia";"[""Svezia""]";"Design / architettura";"Sughero / materiale a base sughero";"Medio";"3–4";"3";"4";"false";"Medio";"3";;"3";"B";"false";"[184]";"[""DOI: 'ND' nella fonte.""]";
"120";"Partanen, A., and Carus, M. 2019. Biocomposites, find the real alternative to plastic – An examination of biocomposites in the market. Reinforced Plastics, 63(6), p.317–321.";"2019";"false";"Partanen";"Biocomposites, find the real alternative to plastic – An examination of biocomposites in the market";"10.3390/f13111950";"Polonia/Malaysia";"[""Polonia"",""Malaysia""]";"Mercato / filiera";"Materiali bio-based (non specifici del sughero)";"Medio-Alto";"6–8";"6";"8";"false";"Medio";"3";;"3";"B";"false";"[184,185]";"[""Record spezzato su due pagine (184-185) e ricomposto.""]";
"121";"Reis, S.; Lopes, P.; Roseira, I.; Cabral, M.; Mateus, N.; Freitas, V. (2019). Recovery of added value compounds from cork industry by-products.Industrial Crops and Products 140:111599";"2019";"false";"Reis";"Recovery of added value compounds from cork industry by-products";"10.1016/j.indcrop.2019.111599";"Portogallo";"[""Portogallo""]";"Materiali/Innovazione";"Scarti/sottoprodotti industriali";"Medio";"TRL 2–4";"2";"4";"false";"Medio";"4";"coerente con valorizzazione scarti del distretto";"4";"A";"false";"[185]";"[]";
"122";"Rosário, I. (2019). Viability Study for a Carbon-Cork Sandwich Composite. MSc Thesis. Instituto Superior Técnico, Universidade de Lisboa";"2019";"false";"Rosário";"Viability Study for a Carbon-Cork Sandwich Composite";;"Portogallo";"[""Portogallo""]";"Compositi strutturali / trasporti";"Sughero agglomerato; carbon-cork; cork/aluminium; compositi sandwich";"Alto";"TRL 3–5";"3";"5";"false";"Medio-Alto";"4";"Interessante per diversificazione ad alto valore, richiede partnership industriali e ricerca applicata";"4";"A";"false";"[185]";"[""DOI: 'ND' nella fonte.""]";
"123";"Sergi, C., Tirillò, J., Sarasini, F., Barbero Pozuelo, E., Sanchez Saez, S., & Burgstaller, C. (2019). The Potential of Agglomerated Cork for Sandwich Structures: A Systematic Investigation of Physical, Thermal, and Mechanical Properties. Polymers, 11(12), 2118.";"2019";"false";"Sergi";"The Potential of Agglomerated Cork for Sandwich Structures: A Systematic Investigation of Physical, Thermal, and Mechanical Properties";"10.3390/polym11122118";"Multipaese";"[""Multipaese""]";"Compositi strutturali/energia assorbimento";"Sughero agglomerato/composito sandwich";"Alto";"3–5";"3";"5";"false";"Medio-Alto";"4";"Interessante per nicchie ad alto valore e partnership con aziende materiali/compositi";"4";"A";"false";"[185]";"[]";
"124";"Arano, I., Muys, B., Topi, C., Pettenella, D., and Others 2018. A forest-based circular bioeconomy for southern Europe: visions, opportunities and challenges. Reflections on the bioeconomy. Synthesis Report. European Forest Institute.";"2018";"false";"Arano";"A forest-based circular bioeconomy for southern Europe: visions, opportunities and challenges";;"Multipaese";"[""Multipaese""]";"Economia circolare";;"Medio";"TRL 3–5";"3";"5";"false";;"3";;;"A";"true";"[186]";"[""Riga con struttura anomala nella fonte (10 valori invece di 11, marcata 'Inferenza'): manca la tipologia di materiale; il campo potenziale industriale contiene 'Valorizzazione e sostenibilità' e la valutazione scientifica 'inferenza' (non numerica). Mappatura euristica; celle originali in `celle_originali`."",""Valutazione scientifica non numerica nella fonte: 'inferenza'."",""Cella DOI vuota nella fonte.""]";"[""Arano, I., Muys, B., Topi, C., Petetnella, D., and Others 2018. A forest-based circular bioeconomy for southern Europe: visions, opportunities and challenges. Reflections on the bioeconomy. Synthesis Report. European Forest Institute."","""",""Multipaese"",""Economia circolare"",""Medio"",""TRL 3–5"",""Valori zzazio ne e soste nibilit à"",""★★★ ☆☆"",""inferenza"",""A"",""Infer enza""]"
"125";"Blanc, S.018. The transition to a green economy model and sustainable development in rural areas. case studies in Italy and Spain. PhD Thesis in Scienze agrarie, forestali e agroalimentari. Università di Torino.";"2018";"true";"Blanc";;;"Italia/Spagna";"[""Italia"",""Spagna""]";"Materiali bio-based / isolamento";"Materiali bio-based (non specifici del sughero)";"Medio";"3–4";"3";"4";"false";"Medio";"3";;"3";"B";"false";"[186]";"[""Anno ricostruito: nella fonte compare 'S.018' (refuso) e il record è collocato tra quelli del 2018."",""DOI: 'ND' nella fonte.""]";
"126";"Fonseca, L.; Domingues, J.; Pereira, M.; Martins, F.; Zimon, D. (2018). Assessment of circular economy within Portuguese organizations. https://doi.org/10.3390/su10072521";"2018";"false";"Fonseca";"Assessment of circular economy within Portuguese organizations";"10.3390/su10072521";"Portogallo";"[""Portogallo""]";"Economia circolare/Governance";"Sughero/materiale non specificato";"Medio";"ND/Non tecnologico";;;"false";"Medio";"3";"potenziale da verificare rispetto a imprese e impianti sardi";"4";"B";"false";"[186]";"[]";
"127";"Le Barbenchon, L.; Girardot, J.; Kopp, J.; Viot, P. (2018). Strain Rate Effect on the Compressive Behaviour of Reinforced Cork Agglomerates. EPJ Web of Conferences, 183: 03018 (2018)";"2018";"false";"Le Barbenchon";"Strain Rate Effect on the Compressive Behaviour of Reinforced Cork Agglomerates";"10.1051/epjconf/201818303018";"Francia";"[""Francia""]";"Compositi strutturali/energia assorbimento";"Sughero agglomerato/composito sandwich";"Alto";"3–5";"3";"5";"false";"Medio-Alto";"4";"Interessante per nicchie ad alto valore e partnership con aziende materiali/compositi";"4";"A";"false";"[187]";"[]";
"128";"Mohanty, A., Vivekanandhan, S., Pin, J.M., and Misra, M. 2018. Composites from renewable and sustainable resources: Challenges and innovations. Science, 362(6414), p.536–542.";"2018";"false";"Mohanty";"Composites from renewable and sustainable resources: Challenges and innovations";"10.1126/science.aat9072";"Multipaese";"[""Multipaese""]";"Materiali bio-based / review";"Materiali bio-based (non specifici del sughero)";"Medio";"3–4";"3";"4";"false";"Medio";"3";;"5";"B";"false";"[187]";"[]";
"129";"Perilli, S., Sfarra, S., Guerrini, M., Bisegna, F., and Ambrosini, D. 2018. The thermophysical behaviour of cork supports doped with an innovative thermal insulation and protective coating: A numerical analysis based on in situ experimental data. Energy and Buildings, 159, p.508–528.";"2018";"false";"Perilli";"The thermophysical behaviour of cork supports doped with an innovative thermal insulation and protective coating: A numerical analysis based on in situ experimental data";"10.1016/j.enbuild.2017.11.048";"Italia";"[""Italia""]";"Rivestimenti funzionali / materiali avanzati";"Cork-derived composites; cork filler; scarti di sughero";"Alto";"TRL 2–4";"2";"4";"false";"Medio-Alto";"4";"Promettente per nicchie ad alto valore e ricerca industriale";"3";"B";"false";"[187]";"[]";
"130";"Sierra-Pérez, J.; García-Pérez, S.; Blanc, S.; Boschmonart-Rives, J.; Gabarrell, X. (2018). The use of forest-based materials for the efficient energy of cities: Environmental and economic implications of cork as insulation material. Sustainable Cities and Society, 37: 628-636";"2018";"false";"Sierra-Pérez";"The use of forest-based materials for the efficient energy of cities: Environmental and economic implications of cork as insulation material";"10.1016/j.scs.2017.12.008";"Spagna";"[""Spagna""]";"Edilizia/Materiali / Forestale/Sviluppo rurale";"Sughero espanso/agglomerato/granulato";"Medio-Alto";"4–6";"4";"6";"false";"Alto";"5";"Molto coerente con disponibilità di sughero sardo, edilizia sostenibile e riuso degli scarti";"4";"A";"false";"[188]";"[]";
"131";"Sierra-Pérez, J.; García-Pérez, S.; Blanc, S.; Boschmonart-Rives, J.; Gabarrell, X. (2018). The use of forest-based materials for the efficient energy of cities: Environmental and economic implications of cork as insulation material. Sustainable Cities and Society, 37, 628–636.";"2018";"false";"Sierra-Pérez";"The use of forest-based materials for the efficient energy of cities: Environmental and economic implications of cork as insulation material";"10.1016/j.scs.2017.12.008";"Spagna";"[""Spagna""]";"Edilizia/isolamento";"Sughero espanso/agglomerato/granulato";"Medio-Alto";"4–6";"4";"6";"false";"Alto";"5";"Molto coerente con disponibilità di sughero sardo, edilizia sostenibile e riuso degli scarti";"4";"A";"false";"[188]";"[]";
"132";"Andreazza, I., 2017. Investigation of the Flexural Fatigue Behavior of Stone-Faced Cork Agglomerate Sandwich Composite. MSc Thesis.Università di Padova.";"2017";"false";"Andreazza";"Investigation of the Flexural Fatigue Behavior of Stone-Faced Cork Agglomerate Sandwich Composite";;"Italia";"[""Italia""]";"Compositi strutturali / trasporti";"Sughero agglomerato; carbon-cork; cork/aluminium; compositi sandwich";"Alto";"TRL 3–5";"3";"5";"false";"Medio-Alto";"4";"Interessante per diversificazione ad alto valore, richiede partnership industriali e ricerca applicata";"4";"A";"false";"[188]";"[""DOI: 'ND' nella fonte.""]";
"133";"Aroso I. M., Araújo A. R., Pires R. A., Reis R. L. Cork: Current Technological Developments and Future Perspectives for this Natural, Renewable, and Sustainable Material, Acs Sustainable Chemistry & Engineering, Vol. 5, Issue 12, pp. 11130–11146";"2017";"true";"Aroso";;"10.1021/acssuschemeng.7b00751";"Portogallo";"[""Portogallo""]";"Materiali/Innovazione";"Sughero/materiale non specificato";"Medio";"TRL 3–5";"3";"5";"false";"Medio";"3";"potenziale da verificare rispetto a imprese e impianti sardi";"4";"B";"false";"[189]";"[""Anno assente nel riferimento; ricostruito dalla posizione cronologica (tra i record 2017; ACS Sustainable Chem. Eng. vol. 5 = 2017).""]";
"134";"Brites, F.; Malça, C.; Gaspar, F.; Horta, J.; Franco, M.; Biscaia, S.; Mateus, A. (2017). Cork Plastic Composite Optimization for 3D Printing Applications. https://doi.org/10.1016/j.promfg.2017.08.020";"2017";"false";"Brites";"Cork Plastic Composite Optimization for 3D Printing Applications";"10.1016/j.promfg.2017.08.020";"Portogallo";"[""Portogallo""]";"Compositi / Additive manufacturing/Design";"Composito a base sughero";"Alto";"TRL 3–5";"3";"5";"false";"Alto";"3";"potenziale da verificare rispetto a imprese e impianti sardi";"4";"A";"false";"[189]";"[]";
"135";"Craveiro, F., Bártolo, H., J., and 2017, U. 2017. Designing cork-based functionally-graded concrete walls. The International Conference on Sustainable Smart Manufacturing (S2M).";"2017";"false";"Craveiro";;"10.1201/9781315198101-86";"Multipaese";"[""Multipaese""]";"Additive manufacturing / 3D printing / concrete walls";"Sughero / materiale a base sughero";"Medio";"3–4";"3";"4";"false";"Medio";"3";;"3";"B";"false";"[189]";"[]";
"136";"da Silva Morais A, Oliveira JM, Reis RL. Biomaterials and Microfluidics for Liver Models. Adv Exp Med Biol. 2020;1230:65-86. doi: 10.1007/978-3-030-36588-2 5. PMID: 32285365. _";"2020";"false";"da Silva Morais";;"10.1007/978-3-030-36588-2_5";"Portogallo";"[""Portogallo""]";"Materiali / Economia circolare";"ND";"Medio";"3–4 (stimato)";"3";"4";"true";"Medio";"3";"trasferibilità media per filiera sughero/edilizia/materiali; da verificare costi e scala.";"3";"B";"false";"[189,190]";"[""Record spezzato su due pagine (189-190) e ricomposto.""]";
"137";"Garcia Peña, L., Petkova, P., Margalef-Marti, R., Vives, M., Aguilar, L., Gallegos, A., Francesko, A., Perelshtein, I., Gedanken, A., Mendoza, E., Casas-Zapata, J., Morató, J., and Tzanov, T. 2017. Hybrid Chitosan–Silver Nanoparticles Enzymatically Embedded on Cork Filter Material for Water Disinfection. Industrial & Engineering Chemistry Research, 56(13), p.3599–3606.";"2017";"false";"Garcia Peña";"Hybrid Chitosan–Silver Nanoparticles Enzymatically Embedded on Cork Filter Material for Water Disinfection";"10.1021/acs.iecr.6b04721";"Francia";"[""Francia""]";"Ambiente / trattamento acque con cork filter";"Materiale filtrante a base sughero";"Alto";"3–4";"3";"4";"false";"Medio-Alto";"4";;"4";"A";"false";"[190]";"[]";
"138";"Lopes, H., Silva, S. P., Carvalho, J. P., & Machado, J. (2021). The Influence of Cork and Manufacturing Parameters on the Properties of Cork–Rubber Composites for Vibration Isolation Applications. Sustainability, 13(20), 11240.";"2021";"false";"Lopes";"The Influence of Cork and Manufacturing Parameters on the Properties of Cork–Rubber Composites for Vibration Isolation Applications";"10.3390/su132011240";"Portogallo";"[""Portogallo""]";"Materiali bio-based / cork rubber";"Composito sughero-polimero";"Medio";"3–4";"3";"4";"false";"Medio";"3";;"3";"B";"false";"[190]";"[]";
"139";"Margarido, J. (2017). Desenvolvimento de Novos Materiais Naturais Nanocompósitos para Aplicações em Engenharia. MSc Thesis. Universidade de Aveiro";"2017";"false";"Margarido";"Desenvolvimento de Novos Materiais Naturais Nanocompósitos para Aplicações em Engenharia";;"Portogallo";"[""Portogallo""]";"Materiali/Innovazione";"Sughero/materiale non specificato";"Medio";"TRL 2–4";"2";"4";"false";"Medio";"3";"potenziale da verificare rispetto a imprese e impianti sardi";"3";"B";"false";"[191]";"[""DOI: 'ND' nella fonte.""]";
"140";"Mateus, M.; Bordado, J.; Santos, R. (2017). Ultimate use of Cork – Unorthodox and innovative applications. Ciência & Tecnologia dos Materiais, 29 (2): 65-72";"2017";"false";"Mateus";"Ultimate use of Cork – Unorthodox and innovative applications";"10.1016/j.ctmat.2016.08.002";"Portogallo";"[""Portogallo""]";"Materiali/Innovazione";"Sughero/materiale non specificato";"Medio";"TRL 2–4";"2";"4";"false";"Medio";"3";"potenziale da verificare rispetto a imprese e impianti sardi";"4";"B";"false";"[191]";"[]";
"141";"Tártaro, A., Mata, T., Martins, A., and Silva, J. 2017. Carbon footprint of the insulation cork board. Journal of Cleaner Production, 143, p.925–932.";"2017";"false";"Tártaro";"Carbon footprint of the insulation cork board";"10.1016/j.jclepro.2016.12.028";"Portogallo";"[""Portogallo""]";"ND";;"Medio";"TRL 3–5";"3";"5";"false";;"3";;;"A";"true";"[191]";"[""Riga con struttura anomala nella fonte (10 valori invece di 11, marcata 'Inferenza'): manca la tipologia di materiale; il campo potenziale industriale contiene 'Valorizzazione e sostenibilità' e la valutazione scientifica 'inferenza' (non numerica). Mappatura euristica; celle originali in `celle_originali`."",""Valutazione scientifica non numerica nella fonte: 'inferenza'.""]";"[""Tártaro, A., Mata, T., Martins, A., and Silva, J. 2017. Carbon footprint of the insulation cork board. Journal of Cleaner Production, 143, p.925–932."",""10.1016/j.jclepro.20 16.12.028"",""Portogallo"",""ND"",""Medio"",""TRL 3–5"",""Valori zzazio ne e soste nibilit à"",""★★★ ☆☆"",""inferenza"",""A"",""Infer enza""]"
"142";"Triantou, K., Perez, B., Marinou, A., Florez, S., Mergia, K., Vekinis, G., Barcena, J., Rotärmel, W., Zuber, C., and Montbrun, A. 2017. Performance of cork and ceramic matrix composite joints for re-entry thermal protection structures. Composites Part B: Engineering, 108, p.270–278.";"2017";"false";"Triantou";"Performance of cork and ceramic matrix composite joints for re-entry thermal protection structures";"10.1016/j.compositesb.2016.09.104";"Multipaese";"[""Multipaese""]";"Aerospazio / Protezione termica";"composito a base sughero";"Alto";"3–4 (stimato)";"3";"4";"true";"Alto";"3";"trasferibilità media per filiera sughero/edilizia/materiali; da verificare costi e scala.";"4";"B";"false";"[191,192]";"[""Record spezzato su due pagine (191-192) e ricomposto.""]";
"143";"Urbaniak, M., Goluch-Goreczna, R., and Bledzki, A. (2017). Natural cork agglomerate as an ecological alternative in constructional sandwich composites. BioResources 12(3), 5512-5524.";"2017";"false";"Urbaniak";"Natural cork agglomerate as an ecological alternative in constructional sandwich composites";"10.15376/biores.12.3.5512-5524";"Polonia / Germania";"[""Polonia"",""Germania""]";"Edilizia / isolamento";"Sughero agglomerato";"Medio";"4–6";"4";"6";"false";"Alto";"4";;"4";"A";"false";"[192]";"[]";
"144";"Demertzi, M., 2016. Evaluation of the cork sector's environmental performance through Life Cycle Assessment.. PhD Thesis. University of Aveiro";"2016";"false";"Demertzi";"Evaluation of the cork sector's environmental performance through Life Cycle Assessment";;"Portogallo";"[""Portogallo""]";"Economia circolare / LCA";"Sughero / materiale a base sughero";"Medio";"3–4";"3";"4";"false";"Medio";"3";;"3";"B";"false";"[192]";"[""DOI: 'ND' nella fonte.""]";
"145";"Knapic, S.; Oliveira, V.; Machado, J.; Pereira, H. (2016). Cork as a building material: a review. European Journal of Wood and Wood Products, 74(6), 775–791.";"2016";"false";"Knapic";"Cork as a building material: a review";"10.1007/s00107-016-1076-4";"Multipaese";"[""Multipaese""]";"Edilizia/isolamento";"Sughero espanso/agglomerato/granulato";"Medio-Alto";"4–6";"4";"6";"false";"Alto";"5";"Molto coerente con disponibilità di sughero sardo, edilizia sostenibile e riuso degli scarti";"4";"A";"false";"[192]";"[]";
"146";"Perez, J. (2016). The introduction of eco-design for promoting the use of eco-materials: the cork as building material. PhD Thesis. Universidade Autonoma de Barcelona";"2016";"false";"Perez";"The introduction of eco-design for promoting the use of eco-materials: the cork as building material";;"Spagna";"[""Spagna""]";"Edilizia/Materiali / Design";"Sughero/materiale non specificato";"Medio";"TRL 2–4";"2";"4";"false";"Alto";"4";"applicabile a edilizia sostenibile e filiere locali";"3";"C";"false";"[193]";"[""DOI: 'ND' nella fonte.""]";
"147";"Fernandes, E., Correlo, V., Mano, J., and Reis, R. 2015. Cork–polymer biocomposites: Mechanical, structural and thermal properties. Materials & Design, 82, p.282–289.";"2015";"false";"Fernandes";"Cork–polymer biocomposites: Mechanical, structural and thermal properties";"10.1016/j.matdes.2015.05.040";"Portogallo";"[""Portogallo""]";"Materiali compositi / Ingegneria";"composito a base sughero";"Medio";"3–4 (stimato)";"3";"4";"true";"Medio";"3";"trasferibilità media per filiera sughero/edilizia/materiali; da verificare costi e scala.";"4";"B";"false";"[193]";"[]";
"148";"Gil, L. (2015). New Cork-Based Materials and Applications. Materials, 8(2), 625-637.";"2015";"false";"Gil";"New Cork-Based Materials and Applications";"10.3390/ma8020625";"Portogallo";"[""Portogallo""]";"Materiali/Innovazione";"Sughero/materiale non specificato";"Medio";"TRL 2–4";"2";"4";"false";"Medio";"3";"potenziale da verificare rispetto a imprese e impianti sardi";"4";"B";"false";"[193]";"[]";
"149";"Gonçalves, F., Correia, P., Silva, S., and Almeida-Aguiar, C. 2015. Evaluation of antimicrobial properties of cork. FEMS Microbiology Letters, 363(3).";"2015";"false";"Gonçalves";"Evaluation of antimicrobial properties of cork";"10.1093/femsle/fnv231";"Portogallo";"[""Portogallo""]";"Biochimica / funzionalizzazione";"Sughero / materiale a base sughero";"Medio";"3–4";"3";"4";"false";"Medio";"3";;"3";"B";"false";"[193]";"[]";
"150";"Lakreb, N.; Bezzazi, B.; Pereira, H. (2015). Mechanical strength properties of innovative sandwich panels with expanded cork agglomerates. European Journal of Wood and Wood Products, 73(4), 465–473.";"2015";"false";"Lakreb";"Mechanical strength properties of innovative sandwich panels with expanded cork agglomerates";"10.1007/s00107-015-0908-y";"Portogallo / Algeria";"[""Portogallo"",""Algeria""]";"Compositi strutturali/energia assorbimento";"Sughero agglomerato/composito sandwich";"Alto";"3–5";"3";"5";"false";"Medio-Alto";"4";"Interessante per nicchie ad alto valore e partnership con aziende materiali/compositi";"4";"A";"false";"[194]";"[]";
"151";"Matos, A., Nunes, S., and Sousa-Coutinho, J. 2015. Cork waste in cement based materials. Materials and Design, 85, p.230–239.";"2015";"false";"Matos";"Cork waste in cement based materials";"10.1016/j.matdes.2015.06.082";"Portogallo";"[""Portogallo""]";"Edilizia / isolamento";"Scarti di sughero";"Medio";"4–6";"4";"6";"false";"Alto";"4";;"4";"A";"false";"[194]";"[]";
"152";"Mestre, A. (2015). A design action intervention approach in the cork industry towards sustainable product innovation. https://doi.org/10.1504/JDR.2015.069767";"2015";"false";"Mestre";"A design action intervention approach in the cork industry towards sustainable product innovation";"10.1504/JDR.2015.069767";"Danimarca";"[""Danimarca""]";"Design";"Sughero/materiale non specificato";"Medio";"TRL 2–4";"2";"4";"false";"Medio";"3";"potenziale da verificare rispetto a imprese e impianti sardi";"3";"C";"false";"[194]";"[]";
"153";"Santos, A., Carvalho, F., and Bessa, P. 2015. How Corticeira Amorim is changing the paradigm of Innovation in the Cork Industry. IV Mediterranean";"2015";"false";"Santos";"How Corticeira Amorim is changing the paradigm of Innovation in the Cork Industry";;"Portogallo";"[""Portogallo""]";"Governance / Mercato / Innovazione";"sughero naturale/agglomerato";"Medio";"6–8 (stimato)";"6";"8";"true";"Medio";"4";"trasferibilità alta per filiera sughero/edilizia/materiali; da verificare costi e scala.";"3";"B";"false";"[194]";"[""DOI: 'ND' nella fonte.""]";