"rank";"comune";"nome_corrente";"slug";"provincia";"sugherete_ha";"peso_pct_sughereta_sardegna";"ivp";"classe_ivp";"ipi";"classe_incendio";"quota_medioalto_alto_pct";"quota_medioalto_alto_ha";"n_complessi";"superficie_complesso_maggiore_ha";"quota_complesso_maggiore_pct";"superficie_media_complesso_ha";"densita_frammentazione";"classe_densita";"classe_icr";"profilo_ivp_x_incendio";"profilo_integrato";"combinazione";"indicazioni_operative";"lettura_icr";"sintesi_esecutiva";"distribuzione_pedologica";"distribuzione_incendio";"pagine_fonte";"confronto_figure";"note"
"1";"Bitti";"Bitti";"bitti";;"5801.29";"6.92";"3.317";"Alta";"27.93";"Medio";"13.43";"779.15";"20";"4314.34";"74.37";"290.06";"0.34";"Bassa";"Media";"Risorsa vocata con criticità localizzate";"Area vocata e relativamente governabile";"Alta x Medio x Media";"[""valorizzare la buona vocazionalità pedologica come base per progetti pilota, certificazione e gestione forestale attiva"",""mantenere un presidio antincendio mirato sulle porzioni in pericolo Medioalto e Alto, evitando una lettura esclusivamente comunale"",""utilizzare il complesso principale come ambito preferenziale per interventi coordinati e monitoraggio"",""integrare i risultati con verifiche locali su proprietà, accessibilità, stato selvicolturale e continuità del combustibile""]";"La classe ICR è Media: il complesso maggiore concentra il 74,37% della risorsa, con nuclei secondari significativi. La gestione può concentrarsi sul nucleo principale, senza trascurare le aree minori.";"Bitti presenta 5.801,29 ha di sugherete, pari al 6,92% della Sughereta Sardegna. L'IVP ponderato è 3,317, in classe Alta. La risorsa mostra una buona coerenza pedologica complessiva con la sughereta, pur con limitazioni locali legate alle unità pedologiche specifiche. Il profilo incendio ponderato ricade in classe Medio. La quota Medioalto+Alto è pari a 779,15 ha (13,43%), indicando criticità localizzate più che diffuse. La classe ICR è Media: il complesso maggiore concentra il 74,37% della risorsa, con nuclei secondari significativi. La gestione può concentrarsi sul nucleo principale, senza trascurare le aree minori. Il profilo integrato assegnato è: Area vocata e relativamente governabile.";"[{""unita_pedologica"":""B2"",""superficie_ha"":2425.12,""incidenza_pct"":41.8,""classe_capacita_uso"":""VII - VI"",""classe_ivp"":""Media"",""punteggio_ivp"":3},{""unita_pedologica"":""C2"",""superficie_ha"":1837.53,""incidenza_pct"":31.67,""classe_capacita_uso"":""VII - VI - IV"",""classe_ivp"":""Alta"",""punteggio_ivp"":4},{""unita_pedologica"":""B4"",""superficie_ha"":713.28,""incidenza_pct"":12.3,""classe_capacita_uso"":""VII"",""classe_ivp"":""Media"",""punteggio_ivp"":3},{""unita_pedologica"":""C1"",""superficie_ha"":551.17,""incidenza_pct"":9.5,""classe_capacita_uso"":""VIII"",""classe_ivp"":""Media"",""punteggio_ivp"":3},{""unita_pedologica"":""C4"",""superficie_ha"":274.19,""incidenza_pct"":4.73,""classe_capacita_uso"":""VII - VI"",""classe_ivp"":""Media"",""punteggio_ivp"":3}]";"[{""classe"":""Basso"",""superficie_ha"":124.87,""incidenza_pct"":2.15,""indice_classe"":14.63},{""classe"":""Mediobasso"",""superficie_ha"":2133.25,""incidenza_pct"":36.77,""indice_classe"":22.61},{""classe"":""Medio"",""superficie_ha"":2764.03,""incidenza_pct"":47.65,""indice_classe"":29.43},{""classe"":""Medioalto"",""superficie_ha"":680.73,""incidenza_pct"":11.73,""indice_classe"":37.81},{""classe"":""Alto"",""superficie_ha"":98.42,""incidenza_pct"":1.7,""indice_classe"":49.54}]";"[52,53,54,55]";"{""ivp_fig2"":3.742,""classe_ivp_fig2"":""Alta"",""ipi_fig3"":27.93,""classe_incendio_fig3"":""Medio"",""classe_icr_fig4"":""Media"",""n_complessi_fig4"":20,""quota_complesso_maggiore_fig4_pct"":74.37,""ivp_coerente"":false,""ipi_coerente"":true,""icr_coerente"":true}";"[]"
"2";"Berchidda";"Berchidda";"berchidda";;"5480";"6.54";"3.76";"Alta";"45.64";"Alto";"93.43";"5120.19";"12";"5191.69";"94.74";"456.67";"0.22";"Bassa";"Alta";"Risorsa strategica vulnerabile";"Priorità alta: risorsa vocata, esposta e territorialmente governabile";"Alta x Alto x Alta";"[""valorizzare la buona vocazionalità pedologica come base per progetti pilota, certificazione e gestione forestale attiva"",""attribuire priorità agli interventi di prevenzione incendi, riduzione del combustibile e presidio delle aree in classi Medioalto e Alto"",""utilizzare il complesso principale come ambito preferenziale per interventi coordinati e monitoraggio"",""integrare i risultati con verifiche locali su proprietà, accessibilità, stato selvicolturale e continuità del combustibile""]";"La classe ICR è Alta: il complesso maggiore concentra il 94,74% della sughereta comunale. La risorsa risulta fortemente accorpata e potenzialmente più governabile per interventi coordinati.";"Berchidda presenta 5.480,00 ha di sugherete, pari al 6,54% della Sughereta Sardegna. L'IVP ponderato è 3,760, in classe Alta. La risorsa mostra una buona coerenza pedologica complessiva con la sughereta, pur con limitazioni locali legate alle unità pedologiche specifiche. Il profilo incendio evidenzia una criticità elevata: la classe ponderata è Alto e 5.120,19 ha (93,43%) ricadono nelle classi Medioalto e Alto. Queste superfici richiedono priorità nella pianificazione antincendio e nella gestione attiva. La classe ICR è Alta: il complesso maggiore concentra il 94,74% della sughereta comunale. La risorsa risulta fortemente accorpata e potenzialmente più governabile per interventi coordinati. Il profilo integrato assegnato è: Priorità alta: risorsa vocata, esposta e territorialmente governabile.";"[{""unita_pedologica"":""C2"",""superficie_ha"":4603.44,""incidenza_pct"":84,""classe_capacita_uso"":""VII - VI - IV"",""classe_ivp"":""Alta"",""punteggio_ivp"":4},{""unita_pedologica"":""G1"",""superficie_ha"":305.79,""incidenza_pct"":5.58,""classe_capacita_uso"":""VI - VII"",""classe_ivp"":""Bassa"",""punteggio_ivp"":2},{""unita_pedologica"":""I1"",""superficie_ha"":259.03,""incidenza_pct"":4.73,""classe_capacita_uso"":""III - IV"",""classe_ivp"":""Media"",""punteggio_ivp"":3},{""unita_pedologica"":""C1"",""superficie_ha"":123.52,""incidenza_pct"":2.25,""classe_capacita_uso"":""VIII"",""classe_ivp"":""Media"",""punteggio_ivp"":3},{""unita_pedologica"":""B2"",""superficie_ha"":122.22,""incidenza_pct"":2.23,""classe_capacita_uso"":""VII - VI"",""classe_ivp"":""Media"",""punteggio_ivp"":3},{""unita_pedologica"":""L1"",""superficie_ha"":64.35,""incidenza_pct"":1.17,""classe_capacita_uso"":""I - II - III"",""classe_ivp"":""Molto bassa"",""punteggio_ivp"":1},{""unita_pedologica"":""SP"",""superficie_ha"":1.25,""incidenza_pct"":0.02,""classe_capacita_uso"":null,""classe_ivp"":""Molto bassa"",""punteggio_ivp"":1},{""unita_pedologica"":""O"",""superficie_ha"":0.4,""incidenza_pct"":0.01,""classe_capacita_uso"":null,""classe_ivp"":""Molto bassa"",""punteggio_ivp"":1}]";"[{""classe"":""Mediobasso"",""superficie_ha"":22.2,""incidenza_pct"":0.41,""indice_classe"":22.25},{""classe"":""Medio"",""superficie_ha"":337.6,""incidenza_pct"":6.16,""indice_classe"":31.85},{""classe"":""Medioalto"",""superficie_ha"":1791.56,""incidenza_pct"":32.69,""indice_classe"":39.8},{""classe"":""Alto"",""superficie_ha"":3328.62,""incidenza_pct"":60.74,""indice_classe"":50.34}]";"[55,56,57,58]";"{""ivp_fig2"":3.839,""classe_ivp_fig2"":""Alta"",""ipi_fig3"":45.64,""classe_incendio_fig3"":""Alto"",""classe_icr_fig4"":""Alta"",""n_complessi_fig4"":12,""quota_complesso_maggiore_fig4_pct"":94.74,""ivp_coerente"":false,""ipi_coerente"":true,""icr_coerente"":true}";"[]"
"3";"Oschiri";"Oschiri";"oschiri";;"5434.73";"6.49";"3.269";"Alta";"43.26";"Medioalto";"87.51";"4755.88";"38";"3809.09";"70.09";"143.02";"0.7";"Media";"Media";"Risorsa strategica vulnerabile";"Priorità alta: risorsa vocata, esposta e territorialmente governabile";"Alta x Medioalto x Media";"[""valorizzare la buona vocazionalità pedologica come base per progetti pilota, certificazione e gestione forestale attiva"",""attribuire priorità agli interventi di prevenzione incendi, riduzione del combustibile e presidio delle aree in classi Medioalto e Alto"",""utilizzare il complesso principale come ambito preferenziale per interventi coordinati e monitoraggio"",""integrare i risultati con verifiche locali su proprietà, accessibilità, stato selvicolturale e continuità del combustibile""]";"La classe ICR è Media: il complesso maggiore concentra il 70,09% della risorsa, con nuclei secondari significativi. La gestione può concentrarsi sul nucleo principale, senza trascurare le aree minori.";"Oschiri presenta 5.434,73 ha di sugherete, pari al 6,49% della Sughereta Sardegna. L'IVP ponderato è 3,269, in classe Alta. La risorsa mostra una buona coerenza pedologica complessiva con la sughereta, pur con limitazioni locali legate alle unità pedologiche specifiche. Il profilo incendio evidenzia una criticità elevata: la classe ponderata è Medioalto e 4.755,88 ha (87,51%) ricadono nelle classi Medioalto e Alto. Queste superfici richiedono priorità nella pianificazione antincendio e nella gestione attiva. La classe ICR è Media: il complesso maggiore concentra il 70,09% della risorsa, con nuclei secondari significativi. La gestione può concentrarsi sul nucleo principale, senza trascurare le aree minori. Il profilo integrato assegnato è: Priorità alta: risorsa vocata, esposta e territorialmente governabile.";"[{""unita_pedologica"":""C2"",""superficie_ha"":2593.59,""incidenza_pct"":47.72,""classe_capacita_uso"":""VII - VI - IV"",""classe_ivp"":""Alta"",""punteggio_ivp"":4},{""unita_pedologica"":""G1"",""superficie_ha"":851.23,""incidenza_pct"":15.66,""classe_capacita_uso"":""VI - VII"",""classe_ivp"":""Bassa"",""punteggio_ivp"":2},{""unita_pedologica"":""B2"",""superficie_ha"":760.05,""incidenza_pct"":13.99,""classe_capacita_uso"":""VII - VI"",""classe_ivp"":""Media"",""punteggio_ivp"":3},{""unita_pedologica"":""G2"",""superficie_ha"":352.77,""incidenza_pct"":6.49,""classe_capacita_uso"":""I - II - III"",""classe_ivp"":""Media"",""punteggio_ivp"":3},{""unita_pedologica"":""D3"",""superficie_ha"":317.9,""incidenza_pct"":5.85,""classe_capacita_uso"":""VI - VII - VIII"",""classe_ivp"":""Media"",""punteggio_ivp"":3},{""unita_pedologica"":""I1"",""superficie_ha"":295.05,""incidenza_pct"":5.43,""classe_capacita_uso"":""III - IV"",""classe_ivp"":""Media"",""punteggio_ivp"":3},{""unita_pedologica"":""C1"",""superficie_ha"":123.31,""incidenza_pct"":2.27,""classe_capacita_uso"":""VIII"",""classe_ivp"":""Media"",""punteggio_ivp"":3},{""unita_pedologica"":""L1"",""superficie_ha"":107.32,""incidenza_pct"":1.97,""classe_capacita_uso"":""I - II - III"",""classe_ivp"":""Molto bassa"",""punteggio_ivp"":1},{""unita_pedologica"":""SP"",""superficie_ha"":33.51,""incidenza_pct"":0.62,""classe_capacita_uso"":null,""classe_ivp"":""Molto bassa"",""punteggio_ivp"":1}]";"[{""classe"":""Mediobasso"",""superficie_ha"":51.01,""incidenza_pct"":0.94,""indice_classe"":22.9},{""classe"":""Medio"",""superficie_ha"":627.84,""incidenza_pct"":11.55,""indice_classe"":31.69},{""classe"":""Medioalto"",""superficie_ha"":2029.32,""incidenza_pct"":37.34,""indice_classe"":40.06},{""classe"":""Alto"",""superficie_ha"":2726.57,""incidenza_pct"":50.17,""indice_classe"":48.69}]";"[58,59,60,61]";"{""ivp_fig2"":3.768,""classe_ivp_fig2"":""Alta"",""ipi_fig3"":37.05,""classe_incendio_fig3"":""Medioalto"",""classe_icr_fig4"":""Media"",""n_complessi_fig4"":15,""quota_complesso_maggiore_fig4_pct"":76.9,""ivp_coerente"":false,""ipi_coerente"":false,""icr_coerente"":false}";"[]"
"4";"Budduso'";"Buddusò";"budduso";;"5185.05";"6.19";"3.383";"Alta";"28.41";"Medio";"16.94";"878.13";"11";"5030.57";"97.02";"471.37";"0.21";"Bassa";"Alta";"Risorsa vocata con criticità localizzate";"Area vocata e relativamente governabile";"Alta x Medio x Alta";"[""valorizzare la buona vocazionalità pedologica come base per progetti pilota, certificazione e gestione forestale attiva"",""mantenere un presidio antincendio mirato sulle porzioni in pericolo Medioalto e Alto, evitando una lettura esclusivamente comunale"",""utilizzare il complesso principale come ambito preferenziale per interventi coordinati e monitoraggio"",""integrare i risultati con verifiche locali su proprietà, accessibilità, stato selvicolturale e continuità del combustibile""]";"La classe ICR è Alta: il complesso maggiore concentra il 97,02% della sughereta comunale. La risorsa risulta fortemente accorpata e potenzialmente più governabile per interventi coordinati.";"Budduso' presenta 5.185,05 ha di sugherete, pari al 6,19% della Sughereta Sardegna. L'IVP ponderato è 3,383, in classe Alta. La risorsa mostra una buona coerenza pedologica complessiva con la sughereta, pur con limitazioni locali legate alle unità pedologiche specifiche. Il profilo incendio ponderato ricade in classe Medio. La quota Medioalto+Alto è pari a 878,13 ha (16,94%), indicando criticità localizzate più che diffuse. La classe ICR è Alta: il complesso maggiore concentra il 97,02% della sughereta comunale. La risorsa risulta fortemente accorpata e potenzialmente più governabile per interventi coordinati. Il profilo integrato assegnato è: Area vocata e relativamente governabile.";"[{""unita_pedologica"":""C1"",""superficie_ha"":3117.39,""incidenza_pct"":60.12,""classe_capacita_uso"":""VIII"",""classe_ivp"":""Media"",""punteggio_ivp"":3},{""unita_pedologica"":""C2"",""superficie_ha"":1989.45,""incidenza_pct"":38.37,""classe_capacita_uso"":""VII - VI - IV"",""classe_ivp"":""Alta"",""punteggio_ivp"":4},{""unita_pedologica"":""B4"",""superficie_ha"":74.58,""incidenza_pct"":1.44,""classe_capacita_uso"":""VII"",""classe_ivp"":""Media"",""punteggio_ivp"":3},{""unita_pedologica"":""C4"",""superficie_ha"":2.5,""incidenza_pct"":0.05,""classe_capacita_uso"":""VII - VI"",""classe_ivp"":""Media"",""punteggio_ivp"":3},{""unita_pedologica"":""L1"",""superficie_ha"":1.13,""incidenza_pct"":0.02,""classe_capacita_uso"":""I - II - III"",""classe_ivp"":""Molto bassa"",""punteggio_ivp"":1}]";"[{""classe"":""Basso"",""superficie_ha"":138.78,""incidenza_pct"":2.68,""indice_classe"":15.96},{""classe"":""Mediobasso"",""superficie_ha"":1521.7,""incidenza_pct"":29.35,""indice_classe"":21.89},{""classe"":""Medio"",""superficie_ha"":2646.44,""incidenza_pct"":51.04,""indice_classe"":29.37},{""classe"":""Medioalto"",""superficie_ha"":829.12,""incidenza_pct"":15.99,""indice_classe"":38.28},{""classe"":""Alto"",""superficie_ha"":49,""incidenza_pct"":0.95,""indice_classe"":47.81}]";"[61,62,63,64]";"{""ivp_fig2"":3.815,""classe_ivp_fig2"":""Alta"",""ipi_fig3"":28.84,""classe_incendio_fig3"":""Medio"",""classe_icr_fig4"":""Alta"",""n_complessi_fig4"":13,""quota_complesso_maggiore_fig4_pct"":94.41,""ivp_coerente"":false,""ipi_coerente"":false,""icr_coerente"":false}";"[]"
"5";"Nuoro";"Nuoro";"nuoro";;"4413.55";"5.27";"3.908";"Alta";"40.3";"Medioalto";"72.3";"3191.18";"34";"1395.9";"31.63";"129.81";"0.77";"Media";"Molto bassa";"Risorsa strategica vulnerabile";"Priorità alta ma gestione complessa: risorsa vocata, esposta e frammentata";"Alta x Medioalto x Molto bassa";"[""valorizzare la buona vocazionalità pedologica come base per progetti pilota, certificazione e gestione forestale attiva"",""attribuire priorità agli interventi di prevenzione incendi, riduzione del combustibile e presidio delle aree in classi Medioalto e Alto"",""impostare una gestione a mosaico, con accordi territoriali e selezione di nuclei prioritari"",""integrare i risultati con verifiche locali su proprietà, accessibilità, stato selvicolturale e continuità del combustibile""]";"La classe ICR è Molto bassa: il complesso maggiore concentra solo il 31,63% della risorsa. La sughereta è fortemente dispersa e richiede maggiore coordinamento gestionale e selezione di ambiti prioritari.";"Nuoro presenta 4.413,55 ha di sugherete, pari al 5,27% della Sughereta Sardegna. L'IVP ponderato è 3,908, in classe Alta. La risorsa mostra una buona coerenza pedologica complessiva con la sughereta, pur con limitazioni locali legate alle unità pedologiche specifiche. Il profilo incendio evidenzia una criticità elevata: la classe ponderata è Medioalto e 3.191,18 ha (72,30%) ricadono nelle classi Medioalto e Alto. Queste superfici richiedono priorità nella pianificazione antincendio e nella gestione attiva. La classe ICR è Molto bassa: il complesso maggiore concentra solo il 31,63% della risorsa. La sughereta è fortemente dispersa e richiede maggiore coordinamento gestionale e selezione di ambiti prioritari. Il profilo integrato assegnato è: Priorità alta ma gestione complessa: risorsa vocata, esposta e frammentata.";"[{""unita_pedologica"":""C2"",""superficie_ha"":4006.92,""incidenza_pct"":90.79,""classe_capacita_uso"":""VII - VI - IV"",""classe_ivp"":""Alta"",""punteggio_ivp"":4},{""unita_pedologica"":""C1"",""superficie_ha"":405.67,""incidenza_pct"":9.19,""classe_capacita_uso"":""VIII"",""classe_ivp"":""Media"",""punteggio_ivp"":3},{""unita_pedologica"":""B2"",""superficie_ha"":0.85,""incidenza_pct"":0.02,""classe_capacita_uso"":""VII - VI"",""classe_ivp"":""Media"",""punteggio_ivp"":3},{""unita_pedologica"":""O"",""superficie_ha"":0.11,""incidenza_pct"":0,""classe_capacita_uso"":null,""classe_ivp"":""Molto bassa"",""punteggio_ivp"":1}]";"[{""classe"":""Basso"",""superficie_ha"":67.43,""incidenza_pct"":1.53,""indice_classe"":16.57},{""classe"":""Mediobasso"",""superficie_ha"":253.39,""incidenza_pct"":5.74,""indice_classe"":21.66},{""classe"":""Medio"",""superficie_ha"":901.56,""incidenza_pct"":20.43,""indice_classe"":30.45},{""classe"":""Medioalto"",""superficie_ha"":1658.97,""incidenza_pct"":37.59,""indice_classe"":39.32},{""classe"":""Alto"",""superficie_ha"":1532.2,""incidenza_pct"":34.72,""indice_classe"":51.27}]";"[64,65,66,67]";"{""ivp_fig2"":3.908,""classe_ivp_fig2"":""Alta"",""ipi_fig3"":35.2,""classe_incendio_fig3"":""Medioalto"",""classe_icr_fig4"":""Media"",""n_complessi_fig4"":16,""quota_complesso_maggiore_fig4_pct"":55.31,""ivp_coerente"":true,""ipi_coerente"":false,""icr_coerente"":false}";"[]"
"6";"Orune";"Orune";"orune";;"4201.12";"5.01";"3.518";"Alta";"30.67";"Medio";"28.91";"1214.47";"24";"2107.19";"50.16";"175.05";"0.57";"Media";"Bassa";"Risorsa vocata con criticità localizzate";"Area vocata, con gestione a mosaico";"Alta x Medio x Bassa";"[""valorizzare la buona vocazionalità pedologica come base per progetti pilota, certificazione e gestione forestale attiva"",""mantenere un presidio antincendio mirato sulle porzioni in pericolo Medioalto e Alto, evitando una lettura esclusivamente comunale"",""impostare una gestione a mosaico, con accordi territoriali e selezione di nuclei prioritari"",""integrare i risultati con verifiche locali su proprietà, accessibilità, stato selvicolturale e continuità del combustibile""]";"La classe ICR è Bassa: il complesso maggiore concentra il 50,16% della risorsa. La sughereta è policentrica o frammentata e richiede una gestione a mosaico.";"Orune presenta 4.201,12 ha di sugherete, pari al 5,01% della Sughereta Sardegna. L'IVP ponderato è 3,518, in classe Alta. La risorsa mostra una buona coerenza pedologica complessiva con la sughereta, pur con limitazioni locali legate alle unità pedologiche specifiche. Il profilo incendio è complessivamente Medio, con una quota non trascurabile di sugherete in classi Medioalto e Alto: 1.214,47 ha (28,91%). È opportuna una selezione puntuale delle aree più esposte. La classe ICR è Bassa: il complesso maggiore concentra il 50,16% della risorsa. La sughereta è policentrica o frammentata e richiede una gestione a mosaico. Il profilo integrato assegnato è: Area vocata, con gestione a mosaico.";"[{""unita_pedologica"":""C2"",""superficie_ha"":2178.98,""incidenza_pct"":51.87,""classe_capacita_uso"":""VII - VI - IV"",""classe_ivp"":""Alta"",""punteggio_ivp"":4},{""unita_pedologica"":""C1"",""superficie_ha"":1130.42,""incidenza_pct"":26.91,""classe_capacita_uso"":""VIII"",""classe_ivp"":""Media"",""punteggio_ivp"":3},{""unita_pedologica"":""B2"",""superficie_ha"":770.29,""incidenza_pct"":18.34,""classe_capacita_uso"":""VII - VI"",""classe_ivp"":""Media"",""punteggio_ivp"":3},{""unita_pedologica"":""B3"",""superficie_ha"":92.75,""incidenza_pct"":2.21,""classe_capacita_uso"":""VI - VII"",""classe_ivp"":""Media"",""punteggio_ivp"":3},{""unita_pedologica"":""B4"",""superficie_ha"":26.29,""incidenza_pct"":0.63,""classe_capacita_uso"":""VII"",""classe_ivp"":""Media"",""punteggio_ivp"":3},{""unita_pedologica"":""D4"",""superficie_ha"":2,""incidenza_pct"":0.05,""classe_capacita_uso"":""VII - V - IV"",""classe_ivp"":""Media"",""punteggio_ivp"":3},{""unita_pedologica"":""O"",""superficie_ha"":0.39,""incidenza_pct"":0.01,""classe_capacita_uso"":null,""classe_ivp"":""Molto bassa"",""punteggio_ivp"":1}]";"[{""classe"":""Basso"",""superficie_ha"":107.44,""incidenza_pct"":2.56,""indice_classe"":15.85},{""classe"":""Mediobasso"",""superficie_ha"":1034.91,""incidenza_pct"":24.63,""indice_classe"":22.01},{""classe"":""Medio"",""superficie_ha"":1844.29,""incidenza_pct"":43.9,""indice_classe"":29.26},{""classe"":""Medioalto"",""superficie_ha"":949.48,""incidenza_pct"":22.6,""indice_classe"":38.84},{""classe"":""Alto"",""superficie_ha"":265,""incidenza_pct"":6.31,""indice_classe"":51.01}]";"[67,68,69,70]";"{""ivp_fig2"":3.845,""classe_ivp_fig2"":""Alta"",""ipi_fig3"":26.66,""classe_incendio_fig3"":""Medio"",""classe_icr_fig4"":""Bassa"",""n_complessi_fig4"":9,""quota_complesso_maggiore_fig4_pct"":63.39,""ivp_coerente"":false,""ipi_coerente"":false,""icr_coerente"":false}";"[]"
"7";"Ala' Dei Sardi";"Alà dei Sardi";"ala-dei-sardi";;"4132.02";"4.93";"3.558";"Alta";"25.02";"Mediobasso";"3.58";"147.78";"21";"3877.3";"93.84";"196.76";"0.51";"Media";"Alta";"Risorsa vocata e relativamente meno esposta";"Area vocata e relativamente governabile";"Alta x Mediobasso x Alta";"[""valorizzare la buona vocazionalità pedologica come base per progetti pilota, certificazione e gestione forestale attiva"",""mantenere un presidio antincendio mirato sulle porzioni in pericolo Medioalto e Alto, evitando una lettura esclusivamente comunale"",""utilizzare il complesso principale come ambito preferenziale per interventi coordinati e monitoraggio"",""integrare i risultati con verifiche locali su proprietà, accessibilità, stato selvicolturale e continuità del combustibile""]";"La classe ICR è Alta: il complesso maggiore concentra il 93,84% della sughereta comunale. La risorsa risulta fortemente accorpata e potenzialmente più governabile per interventi coordinati.";"Ala' Dei Sardi presenta 4.132,02 ha di sugherete, pari al 4,93% della Sughereta Sardegna. L'IVP ponderato è 3,558, in classe Alta. La risorsa mostra una buona coerenza pedologica complessiva con la sughereta, pur con limitazioni locali legate alle unità pedologiche specifiche. Il profilo incendio ponderato ricade in classe Mediobasso. La quota Medioalto+Alto è pari a 147,78 ha (3,58%), indicando criticità localizzate più che diffuse. La classe ICR è Alta: il complesso maggiore concentra il 93,84% della sughereta comunale. La risorsa risulta fortemente accorpata e potenzialmente più governabile per interventi coordinati. Il profilo integrato assegnato è: Area vocata e relativamente governabile.";"[{""unita_pedologica"":""C2"",""superficie_ha"":2312.87,""incidenza_pct"":55.97,""classe_capacita_uso"":""VII - VI - IV"",""classe_ivp"":""Alta"",""punteggio_ivp"":4},{""unita_pedologica"":""C1"",""superficie_ha"":1806.02,""incidenza_pct"":43.71,""classe_capacita_uso"":""VIII"",""classe_ivp"":""Media"",""punteggio_ivp"":3},{""unita_pedologica"":""B2"",""superficie_ha"":10.04,""incidenza_pct"":0.24,""classe_capacita_uso"":""VII - VI"",""classe_ivp"":""Media"",""punteggio_ivp"":3},{""unita_pedologica"":""O"",""superficie_ha"":3.08,""incidenza_pct"":0.07,""classe_capacita_uso"":null,""classe_ivp"":""Molto bassa"",""punteggio_ivp"":1}]";"[{""classe"":""Basso"",""superficie_ha"":33.59,""incidenza_pct"":0.81,""indice_classe"":11.24},{""classe"":""Mediobasso"",""superficie_ha"":2647.89,""incidenza_pct"":64.08,""indice_classe"":22.18},{""classe"":""Medio"",""superficie_ha"":1302.75,""incidenza_pct"":31.53,""indice_classe"":29.32},{""classe"":""Medioalto"",""superficie_ha"":131.73,""incidenza_pct"":3.19,""indice_classe"":40.06},{""classe"":""Alto"",""superficie_ha"":16.05,""incidenza_pct"":0.39,""indice_classe"":49.03}]";"[70,71,72,73]";"{""ivp_fig2"":3.642,""classe_ivp_fig2"":""Alta"",""ipi_fig3"":19.56,""classe_incendio_fig3"":""Mediobasso"",""classe_icr_fig4"":""Alta"",""n_complessi_fig4"":5,""quota_complesso_maggiore_fig4_pct"":99.52,""ivp_coerente"":false,""ipi_coerente"":false,""icr_coerente"":false}";"[]"
"8";"Villanova Monteleone";"Villanova Monteleone";"villanova-monteleone";;"3664.58";"4.37";"2.988";"Media";"43.95";"Medioalto";"93.12";"3412.62";"66";"1368.68";"37.35";"55.52";"1.8";"Alta";"Molto bassa";"Risorsa compatibile ma fragile";"Risorsa compatibile ma fragile e frammentata";"Media x Medioalto x Molto bassa";"[""selezionare con attenzione le aree pilota, privilegiando i nuclei con condizioni pedologiche più favorevoli"",""attribuire priorità agli interventi di prevenzione incendi, riduzione del combustibile e presidio delle aree in classi Medioalto e Alto"",""impostare una gestione a mosaico, con accordi territoriali e selezione di nuclei prioritari"",""integrare i risultati con verifiche locali su proprietà, accessibilità, stato selvicolturale e continuità del combustibile""]";"La classe ICR è Molto bassa: il complesso maggiore concentra solo il 37,35% della risorsa. La sughereta è fortemente dispersa e richiede maggiore coordinamento gestionale e selezione di ambiti prioritari.";"Villanova Monteleone presenta 3.664,58 ha di sugherete, pari al 4,37% della Sughereta Sardegna. L'IVP ponderato è 2,988, in classe Media. La risorsa è pedologicamente compatibile, ma presenta limitazioni che richiedono attenzione nella gestione e nella selezione di aree pilota. Il profilo incendio evidenzia una criticità elevata: la classe ponderata è Medioalto e 3.412,62 ha (93,12%) ricadono nelle classi Medioalto e Alto. Queste superfici richiedono priorità nella pianificazione antincendio e nella gestione attiva. La classe ICR è Molto bassa: il complesso maggiore concentra solo il 37,35% della risorsa. La sughereta è fortemente dispersa e richiede maggiore coordinamento gestionale e selezione di ambiti prioritari. Il profilo integrato assegnato è: Risorsa compatibile ma fragile e frammentata.";"[{""unita_pedologica"":""D3"",""superficie_ha"":3535.34,""incidenza_pct"":96.47,""classe_capacita_uso"":""VI - VII - VIII"",""classe_ivp"":""Media"",""punteggio_ivp"":3},{""unita_pedologica"":""F2"",""superficie_ha"":76.84,""incidenza_pct"":2.1,""classe_capacita_uso"":""VI - IV - III"",""classe_ivp"":""Media"",""punteggio_ivp"":3},{""unita_pedologica"":""D1"",""superficie_ha"":42.5,""incidenza_pct"":1.16,""classe_capacita_uso"":""VIII"",""classe_ivp"":""Bassa"",""punteggio_ivp"":2},{""unita_pedologica"":""D4"",""superficie_ha"":8.93,""incidenza_pct"":0.24,""classe_capacita_uso"":""VII - V - IV"",""classe_ivp"":""Media"",""punteggio_ivp"":3},{""unita_pedologica"":""F1"",""superficie_ha"":0.64,""incidenza_pct"":0.02,""classe_capacita_uso"":""VII - VIII"",""classe_ivp"":""Bassa"",""punteggio_ivp"":2},{""unita_pedologica"":""L1"",""superficie_ha"":0.32,""incidenza_pct"":0.01,""classe_capacita_uso"":""I - II - III"",""classe_ivp"":""Molto bassa"",""punteggio_ivp"":1}]";"[{""classe"":""Mediobasso"",""superficie_ha"":12.34,""incidenza_pct"":0.34,""indice_classe"":22.79},{""classe"":""Medio"",""superficie_ha"":239.62,""incidenza_pct"":6.54,""indice_classe"":31.82},{""classe"":""Medioalto"",""superficie_ha"":1668.61,""incidenza_pct"":45.53,""indice_classe"":39.23},{""classe"":""Alto"",""superficie_ha"":1744.01,""incidenza_pct"":47.59,""indice_classe"":50.27}]";"[73,74,75,76]";"{""ivp_fig2"":3.432,""classe_ivp_fig2"":""Alta"",""ipi_fig3"":44.4,""classe_incendio_fig3"":""Medioalto"",""classe_icr_fig4"":""Molto bassa"",""n_complessi_fig4"":27,""quota_complesso_maggiore_fig4_pct"":29.92,""ivp_coerente"":false,""ipi_coerente"":false,""icr_coerente"":false}";"[]"
"9";"Ozieri";"Ozieri";"ozieri";;"3513.27";"4.19";"3.344";"Alta";"41.78";"Medioalto";"83.57";"2936.01";"80";"1205.26";"34.31";"43.92";"2.28";"Alta";"Molto bassa";"Risorsa strategica vulnerabile";"Priorità alta ma gestione complessa: risorsa vocata, esposta e frammentata";"Alta x Medioalto x Molto bassa";"[""valorizzare la buona vocazionalità pedologica come base per progetti pilota, certificazione e gestione forestale attiva"",""attribuire priorità agli interventi di prevenzione incendi, riduzione del combustibile e presidio delle aree in classi Medioalto e Alto"",""impostare una gestione a mosaico, con accordi territoriali e selezione di nuclei prioritari"",""integrare i risultati con verifiche locali su proprietà, accessibilità, stato selvicolturale e continuità del combustibile""]";"La classe ICR è Molto bassa: il complesso maggiore concentra solo il 34,31% della risorsa. La sughereta è fortemente dispersa e richiede maggiore coordinamento gestionale e selezione di ambiti prioritari.";"Ozieri presenta 3.513,27 ha di sugherete, pari al 4,19% della Sughereta Sardegna. L'IVP ponderato è 3,344, in classe Alta. La risorsa mostra una buona coerenza pedologica complessiva con la sughereta, pur con limitazioni locali legate alle unità pedologiche specifiche. Il profilo incendio evidenzia una criticità elevata: la classe ponderata è Medioalto e 2.936,01 ha (83,57%) ricadono nelle classi Medioalto e Alto. Queste superfici richiedono priorità nella pianificazione antincendio e nella gestione attiva. La classe ICR è Molto bassa: il complesso maggiore concentra solo il 34,31% della risorsa. La sughereta è fortemente dispersa e richiede maggiore coordinamento gestionale e selezione di ambiti prioritari. Il profilo integrato assegnato è: Priorità alta ma gestione complessa: risorsa vocata, esposta e frammentata.";"[{""unita_pedologica"":""D3"",""superficie_ha"":1676.62,""incidenza_pct"":47.72,""classe_capacita_uso"":""VI - VII - VIII"",""classe_ivp"":""Media"",""punteggio_ivp"":3},{""unita_pedologica"":""C2"",""superficie_ha"":1237.4,""incidenza_pct"":35.22,""classe_capacita_uso"":""VII - VI - IV"",""classe_ivp"":""Alta"",""punteggio_ivp"":4},{""unita_pedologica"":""I1"",""superficie_ha"":241.22,""incidenza_pct"":6.87,""classe_capacita_uso"":""III - IV"",""classe_ivp"":""Media"",""punteggio_ivp"":3},{""unita_pedologica"":""B2"",""superficie_ha"":166.77,""incidenza_pct"":4.75,""classe_capacita_uso"":""VII - VI"",""classe_ivp"":""Media"",""punteggio_ivp"":3},{""unita_pedologica"":""D4"",""superficie_ha"":139.3,""incidenza_pct"":3.96,""classe_capacita_uso"":""VII - V - IV"",""classe_ivp"":""Media"",""punteggio_ivp"":3},{""unita_pedologica"":""G2"",""superficie_ha"":32.7,""incidenza_pct"":0.93,""classe_capacita_uso"":""I - II - III"",""classe_ivp"":""Media"",""punteggio_ivp"":3},{""unita_pedologica"":""L1"",""superficie_ha"":12.17,""incidenza_pct"":0.35,""classe_capacita_uso"":""I - II - III"",""classe_ivp"":""Molto bassa"",""punteggio_ivp"":1},{""unita_pedologica"":""B3"",""superficie_ha"":3.46,""incidenza_pct"":0.1,""classe_capacita_uso"":""VI - VII"",""classe_ivp"":""Media"",""punteggio_ivp"":3},{""unita_pedologica"":""D1"",""superficie_ha"":3.25,""incidenza_pct"":0.09,""classe_capacita_uso"":""VIII"",""classe_ivp"":""Bassa"",""punteggio_ivp"":2},{""unita_pedologica"":""O"",""superficie_ha"":0.39,""incidenza_pct"":0.01,""classe_capacita_uso"":null,""classe_ivp"":""Molto bassa"",""punteggio_ivp"":1}]";"[{""classe"":""Mediobasso"",""superficie_ha"":21.06,""incidenza_pct"":0.6,""indice_classe"":22.56},{""classe"":""Medio"",""superficie_ha"":556.2,""incidenza_pct"":15.83,""indice_classe"":32.1},{""classe"":""Medioalto"",""superficie_ha"":1617.35,""incidenza_pct"":46.04,""indice_classe"":39.92},{""classe"":""Alto"",""superficie_ha"":1318.66,""incidenza_pct"":37.53,""indice_classe"":48.44}]";"[76,77,78,79]";"{""ivp_fig2"":null,""classe_ivp_fig2"":null,""ipi_fig3"":39.14,""classe_incendio_fig3"":""Medioalto"",""classe_icr_fig4"":""Molto bassa"",""n_complessi_fig4"":24,""quota_complesso_maggiore_fig4_pct"":32.46,""ivp_coerente"":false,""ipi_coerente"":false,""icr_coerente"":false}";"[]"
"10";"Orani";"Orani";"orani";;"3376.52";"4.03";"3.423";"Alta";"42.37";"Medioalto";"81.06";"2736.93";"24";"1438.81";"42.61";"140.69";"0.71";"Media";"Bassa";"Risorsa strategica vulnerabile";"Priorità alta ma gestione complessa: risorsa vocata, esposta e frammentata";"Alta x Medioalto x Bassa";"[""valorizzare la buona vocazionalità pedologica come base per progetti pilota, certificazione e gestione forestale attiva"",""attribuire priorità agli interventi di prevenzione incendi, riduzione del combustibile e presidio delle aree in classi Medioalto e Alto"",""impostare una gestione a mosaico, con accordi territoriali e selezione di nuclei prioritari"",""integrare i risultati con verifiche locali su proprietà, accessibilità, stato selvicolturale e continuità del combustibile""]";"La classe ICR è Bassa: il complesso maggiore concentra il 42,61% della risorsa. La sughereta è policentrica o frammentata e richiede una gestione a mosaico.";"Orani presenta 3.376,52 ha di sugherete, pari al 4,03% della Sughereta Sardegna. L'IVP ponderato è 3,423, in classe Alta. La risorsa mostra una buona coerenza pedologica complessiva con la sughereta, pur con limitazioni locali legate alle unità pedologiche specifiche. Il profilo incendio evidenzia una criticità elevata: la classe ponderata è Medioalto e 2.736,93 ha (81,06%) ricadono nelle classi Medioalto e Alto. Queste superfici richiedono priorità nella pianificazione antincendio e nella gestione attiva. La classe ICR è Bassa: il complesso maggiore concentra il 42,61% della risorsa. La sughereta è policentrica o frammentata e richiede una gestione a mosaico. Il profilo integrato assegnato è: Priorità alta ma gestione complessa: risorsa vocata, esposta e frammentata.";"[{""unita_pedologica"":""C2"",""superficie_ha"":1429.74,""incidenza_pct"":42.34,""classe_capacita_uso"":""VII - VI - IV"",""classe_ivp"":""Alta"",""punteggio_ivp"":4},{""unita_pedologica"":""B2"",""superficie_ha"":1246.23,""incidenza_pct"":36.91,""classe_capacita_uso"":""VII - VI"",""classe_ivp"":""Media"",""punteggio_ivp"":3},{""unita_pedologica"":""C1"",""superficie_ha"":411.9,""incidenza_pct"":12.2,""classe_capacita_uso"":""VIII"",""classe_ivp"":""Media"",""punteggio_ivp"":3},{""unita_pedologica"":""D3"",""superficie_ha"":287.29,""incidenza_pct"":8.51,""classe_capacita_uso"":""VI - VII - VIII"",""classe_ivp"":""Media"",""punteggio_ivp"":3},{""unita_pedologica"":""B1"",""superficie_ha"":0.84,""incidenza_pct"":0.02,""classe_capacita_uso"":""VII - VII"",""classe_ivp"":""Bassa"",""punteggio_ivp"":2},{""unita_pedologica"":""I1"",""superficie_ha"":0.51,""incidenza_pct"":0.02,""classe_capacita_uso"":""III - IV"",""classe_ivp"":""Media"",""punteggio_ivp"":3}]";"[{""classe"":""Basso"",""superficie_ha"":20.27,""incidenza_pct"":0.6,""indice_classe"":15.87},{""classe"":""Mediobasso"",""superficie_ha"":250.52,""incidenza_pct"":7.42,""indice_classe"":22.06},{""classe"":""Medio"",""superficie_ha"":368.8,""incidenza_pct"":10.92,""indice_classe"":31.48},{""classe"":""Medioalto"",""superficie_ha"":1203.87,""incidenza_pct"":35.65,""indice_classe"":40.03},{""classe"":""Alto"",""superficie_ha"":1533.06,""incidenza_pct"":45.4,""indice_classe"":50.5}]";"[79,80,81,82]";"{""ivp_fig2"":3.598,""classe_ivp_fig2"":""Alta"",""ipi_fig3"":38.34,""classe_incendio_fig3"":""Medioalto"",""classe_icr_fig4"":""Bassa"",""n_complessi_fig4"":8,""quota_complesso_maggiore_fig4_pct"":62.07,""ivp_coerente"":false,""ipi_coerente"":false,""icr_coerente"":false}";"[]"
"11";"Tempio Pausania";"Tempio Pausania";"tempio-pausania";;"2945.38";"3.52";"3.751";"Alta";"43.12";"Medioalto";"90.07";"2653";"34";"2175.85";"73.87";"86.63";"1.15";"Media";"Media";"Risorsa strategica vulnerabile";"Priorità alta: risorsa vocata, esposta e territorialmente governabile";"Alta x Medioalto x Media";"[""valorizzare la buona vocazionalità pedologica come base per progetti pilota, certificazione e gestione forestale attiva"",""attribuire priorità agli interventi di prevenzione incendi, riduzione del combustibile e presidio delle aree in classi Medioalto e Alto"",""utilizzare il complesso principale come ambito preferenziale per interventi coordinati e monitoraggio"",""integrare i risultati con verifiche locali su proprietà, accessibilità, stato selvicolturale e continuità del combustibile""]";"La classe ICR è Media: il complesso maggiore concentra il 73,87% della risorsa, con nuclei secondari significativi. La gestione può concentrarsi sul nucleo principale, senza trascurare le aree minori.";"Tempio Pausania presenta 2.945,38 ha di sugherete, pari al 3,52% della Sughereta Sardegna. L'IVP ponderato è 3,751, in classe Alta. La risorsa mostra una buona coerenza pedologica complessiva con la sughereta, pur con limitazioni locali legate alle unità pedologiche specifiche. Il profilo incendio evidenzia una criticità elevata: la classe ponderata è Medioalto e 2.653,00 ha (90,07%) ricadono nelle classi Medioalto e Alto. Queste superfici richiedono priorità nella pianificazione antincendio e nella gestione attiva. La classe ICR è Media: il complesso maggiore concentra il 73,87% della risorsa, con nuclei secondari significativi. La gestione può concentrarsi sul nucleo principale, senza trascurare le aree minori. Il profilo integrato assegnato è: Priorità alta: risorsa vocata, esposta e territorialmente governabile.";"[{""unita_pedologica"":""C2"",""superficie_ha"":2212.82,""incidenza_pct"":75.13,""classe_capacita_uso"":""VII - VI - IV"",""classe_ivp"":""Alta"",""punteggio_ivp"":4},{""unita_pedologica"":""C1"",""superficie_ha"":361.24,""incidenza_pct"":12.26,""classe_capacita_uso"":""VIII"",""classe_ivp"":""Media"",""punteggio_ivp"":3},{""unita_pedologica"":""C3"",""superficie_ha"":283.94,""incidenza_pct"":9.64,""classe_capacita_uso"":""VII - VI - IV"",""classe_ivp"":""Media"",""punteggio_ivp"":3},{""unita_pedologica"":""B2"",""superficie_ha"":53,""incidenza_pct"":1.8,""classe_capacita_uso"":""VII - VI"",""classe_ivp"":""Media"",""punteggio_ivp"":3},{""unita_pedologica"":""I1"",""superficie_ha"":33.29,""incidenza_pct"":1.13,""classe_capacita_uso"":""III - IV"",""classe_ivp"":""Media"",""punteggio_ivp"":3},{""unita_pedologica"":""O"",""superficie_ha"":1.1,""incidenza_pct"":0.04,""classe_capacita_uso"":null,""classe_ivp"":""Molto bassa"",""punteggio_ivp"":1}]";"[{""classe"":""Mediobasso"",""superficie_ha"":24.57,""incidenza_pct"":0.83,""indice_classe"":23.2},{""classe"":""Medio"",""superficie_ha"":267.81,""incidenza_pct"":9.09,""indice_classe"":31.75},{""classe"":""Medioalto"",""superficie_ha"":1214.43,""incidenza_pct"":41.23,""indice_classe"":39.94},{""classe"":""Alto"",""superficie_ha"":1438.57,""incidenza_pct"":48.84,""indice_classe"":48.26}]";"[82,83,84,85]";"{""ivp_fig2"":3.582,""classe_ivp_fig2"":""Alta"",""ipi_fig3"":41.2,""classe_incendio_fig3"":""Medioalto"",""classe_icr_fig4"":""Media"",""n_complessi_fig4"":13,""quota_complesso_maggiore_fig4_pct"":71.95,""ivp_coerente"":false,""ipi_coerente"":false,""icr_coerente"":false}";"[]"
"12";"Telti";"Telti";"telti";;"2826.09";"3.37";"3.881";"Alta";"43.34";"Medioalto";"92.57";"2616.25";"27";"2585.26";"91.48";"104.67";"0.96";"Media";"Alta";"Risorsa strategica vulnerabile";"Priorità alta: risorsa vocata, esposta e territorialmente governabile";"Alta x Medioalto x Alta";"[""valorizzare la buona vocazionalità pedologica come base per progetti pilota, certificazione e gestione forestale attiva"",""attribuire priorità agli interventi di prevenzione incendi, riduzione del combustibile e presidio delle aree in classi Medioalto e Alto"",""utilizzare il complesso principale come ambito preferenziale per interventi coordinati e monitoraggio"",""integrare i risultati con verifiche locali su proprietà, accessibilità, stato selvicolturale e continuità del combustibile""]";"La classe ICR è Alta: il complesso maggiore concentra il 91,48% della sughereta comunale. La risorsa risulta fortemente accorpata e potenzialmente più governabile per interventi coordinati.";"Telti presenta 2.826,09 ha di sugherete, pari al 3,37% della Sughereta Sardegna. L'IVP ponderato è 3,881, in classe Alta. La risorsa mostra una buona coerenza pedologica complessiva con la sughereta, pur con limitazioni locali legate alle unità pedologiche specifiche. Il profilo incendio evidenzia una criticità elevata: la classe ponderata è Medioalto e 2.616,25 ha (92,57%) ricadono nelle classi Medioalto e Alto. Queste superfici richiedono priorità nella pianificazione antincendio e nella gestione attiva. La classe ICR è Alta: il complesso maggiore concentra il 91,48% della sughereta comunale. La risorsa risulta fortemente accorpata e potenzialmente più governabile per interventi coordinati. Il profilo integrato assegnato è: Priorità alta: risorsa vocata, esposta e territorialmente governabile.";"[{""unita_pedologica"":""C2"",""superficie_ha"":2579.04,""incidenza_pct"":91.26,""classe_capacita_uso"":""VII - VI - IV"",""classe_ivp"":""Alta"",""punteggio_ivp"":4},{""unita_pedologica"":""C1"",""superficie_ha"":201.76,""incidenza_pct"":7.14,""classe_capacita_uso"":""VIII"",""classe_ivp"":""Media"",""punteggio_ivp"":3},{""unita_pedologica"":""L1"",""superficie_ha"":45.3,""incidenza_pct"":1.6,""classe_capacita_uso"":""I - II - III"",""classe_ivp"":""Molto bassa"",""punteggio_ivp"":1}]";"[{""classe"":""Mediobasso"",""superficie_ha"":11.46,""incidenza_pct"":0.41,""indice_classe"":23.17},{""classe"":""Medio"",""superficie_ha"":198.38,""incidenza_pct"":7.02,""indice_classe"":31.87},{""classe"":""Medioalto"",""superficie_ha"":1269.14,""incidenza_pct"":44.91,""indice_classe"":39.62},{""classe"":""Alto"",""superficie_ha"":1347.11,""incidenza_pct"":47.67,""indice_classe"":48.71}]";"[85,86,87,88]";"{""ivp_fig2"":3.881,""classe_ivp_fig2"":""Alta"",""ipi_fig3"":43.87,""classe_incendio_fig3"":""Medioalto"",""classe_icr_fig4"":""Alta"",""n_complessi_fig4"":6,""quota_complesso_maggiore_fig4_pct"":95.59,""ivp_coerente"":true,""ipi_coerente"":false,""icr_coerente"":false}";"[""Riga 'Alto' assente nell'estrazione Markdown/CSV (perdita a cavallo di pagina); reintegrata leggendo direttamente il PDF, pag. 86.""]"
"13";"Calangianus";"Calangianus";"calangianus";;"2422.54";"2.89";"3.421";"Alta";"45.54";"Alto";"93.2";"2257.79";"40";"742.81";"30.66";"60.56";"1.65";"Alta";"Molto bassa";"Risorsa strategica vulnerabile";"Priorità alta ma gestione complessa: risorsa vocata, esposta e frammentata";"Alta x Alto x Molto bassa";"[""valorizzare la buona vocazionalità pedologica come base per progetti pilota, certificazione e gestione forestale attiva"",""attribuire priorità agli interventi di prevenzione incendi, riduzione del combustibile e presidio delle aree in classi Medioalto e Alto"",""impostare una gestione a mosaico, con accordi territoriali e selezione di nuclei prioritari"",""integrare i risultati con verifiche locali su proprietà, accessibilità, stato selvicolturale e continuità del combustibile""]";"La classe ICR è Molto bassa: il complesso maggiore concentra solo il 30,66% della risorsa. La sughereta è fortemente dispersa e richiede maggiore coordinamento gestionale e selezione di ambiti prioritari.";"Calangianus presenta 2.422,54 ha di sugherete, pari al 2,89% della Sughereta Sardegna. L'IVP ponderato è 3,421, in classe Alta. La risorsa mostra una buona coerenza pedologica complessiva con la sughereta, pur con limitazioni locali legate alle unità pedologiche specifiche. Il profilo incendio evidenzia una criticità elevata: la classe ponderata è Alto e 2.257,79 ha (93,20%) ricadono nelle classi Medioalto e Alto. Queste superfici richiedono priorità nella pianificazione antincendio e nella gestione attiva. La classe ICR è Molto bassa: il complesso maggiore concentra solo il 30,66% della risorsa. La sughereta è fortemente dispersa e richiede maggiore coordinamento gestionale e selezione di ambiti prioritari. Il profilo integrato assegnato è: Priorità alta ma gestione complessa: risorsa vocata, esposta e frammentata.";"[{""unita_pedologica"":""C1"",""superficie_ha"":1325.62,""incidenza_pct"":54.72,""classe_capacita_uso"":""VIII"",""classe_ivp"":""Media"",""punteggio_ivp"":3},{""unita_pedologica"":""C2"",""superficie_ha"":1020.94,""incidenza_pct"":42.14,""classe_capacita_uso"":""VII - VI - IV"",""classe_ivp"":""Alta"",""punteggio_ivp"":4},{""unita_pedologica"":""C3"",""superficie_ha"":75.98,""incidenza_pct"":3.14,""classe_capacita_uso"":""VII - VI - IV"",""classe_ivp"":""Media"",""punteggio_ivp"":3},{""unita_pedologica"":""O"",""superficie_ha"":0,""incidenza_pct"":0,""classe_capacita_uso"":null,""classe_ivp"":""Molto bassa"",""punteggio_ivp"":1}]";"[{""classe"":""Mediobasso"",""superficie_ha"":0.69,""incidenza_pct"":0.03,""indice_classe"":22.62},{""classe"":""Medio"",""superficie_ha"":164.06,""incidenza_pct"":6.77,""indice_classe"":32.56},{""classe"":""Medioalto"",""superficie_ha"":744.88,""incidenza_pct"":30.75,""indice_classe"":40.11},{""classe"":""Alto"",""superficie_ha"":1512.91,""incidenza_pct"":62.45,""indice_classe"":49.63}]";"[88,89,90,91]";"{""ivp_fig2"":null,""classe_ivp_fig2"":null,""ipi_fig3"":45.42,""classe_incendio_fig3"":""Alto"",""classe_icr_fig4"":""Molto bassa"",""n_complessi_fig4"":25,""quota_complesso_maggiore_fig4_pct"":29.83,""ivp_coerente"":false,""ipi_coerente"":false,""icr_coerente"":false}";"[]"
"14";"Mores";"Mores";"mores";;"2362.69";"2.82";"2.477";"Bassa";"41.5";"Medioalto";"84.84";"2004.62";"26";"789.43";"33.41";"90.87";"1.1";"Media";"Molto bassa";"Area critica o marginale esposta";"Area critica/marginale esposta: priorità selettiva";"Bassa x Medioalto x Molto bassa";"[""selezionare con attenzione le aree pilota, privilegiando i nuclei con condizioni pedologiche più favorevoli"",""attribuire priorità agli interventi di prevenzione incendi, riduzione del combustibile e presidio delle aree in classi Medioalto e Alto"",""impostare una gestione a mosaico, con accordi territoriali e selezione di nuclei prioritari"",""integrare i risultati con verifiche locali su proprietà, accessibilità, stato selvicolturale e continuità del combustibile""]";"La classe ICR è Molto bassa: il complesso maggiore concentra solo il 33,41% della risorsa. La sughereta è fortemente dispersa e richiede maggiore coordinamento gestionale e selezione di ambiti prioritari.";"Mores presenta 2.362,69 ha di sugherete, pari al 2,82% della Sughereta Sardegna. L'IVP ponderato è 2,477, in classe Bassa. La vocazionalità pedologica appare più limitante e suggerisce un approccio selettivo agli investimenti e agli interventi di valorizzazione. Il profilo incendio evidenzia una criticità elevata: la classe ponderata è Medioalto e 2.004,62 ha (84,84%) ricadono nelle classi Medioalto e Alto. Queste superfici richiedono priorità nella pianificazione antincendio e nella gestione attiva. La classe ICR è Molto bassa: il complesso maggiore concentra solo il 33,41% della risorsa. La sughereta è fortemente dispersa e richiede maggiore coordinamento gestionale e selezione di ambiti prioritari. Il profilo integrato assegnato è: Area critica/marginale esposta: priorità selettiva.";"[{""unita_pedologica"":""I1"",""superficie_ha"":846.18,""incidenza_pct"":35.81,""classe_capacita_uso"":""III - IV"",""classe_ivp"":""Media"",""punteggio_ivp"":3},{""unita_pedologica"":""F1"",""superficie_ha"":624.13,""incidenza_pct"":26.42,""classe_capacita_uso"":""VII - VIII"",""classe_ivp"":""Bassa"",""punteggio_ivp"":2},{""unita_pedologica"":""D1"",""superficie_ha"":410.38,""incidenza_pct"":17.37,""classe_capacita_uso"":""VIII"",""classe_ivp"":""Bassa"",""punteggio_ivp"":2},{""unita_pedologica"":""D3"",""superficie_ha"":202.36,""incidenza_pct"":8.56,""classe_capacita_uso"":""VI - VII - VIII"",""classe_ivp"":""Media"",""punteggio_ivp"":3},{""unita_pedologica"":""D4"",""superficie_ha"":111.04,""incidenza_pct"":4.7,""classe_capacita_uso"":""VII - V - IV"",""classe_ivp"":""Media"",""punteggio_ivp"":3},{""unita_pedologica"":""E1"",""superficie_ha"":74.36,""incidenza_pct"":3.15,""classe_capacita_uso"":""VII - VII"",""classe_ivp"":""Bassa"",""punteggio_ivp"":2},{""unita_pedologica"":""G1"",""superficie_ha"":58.13,""incidenza_pct"":2.46,""classe_capacita_uso"":""VI - VII"",""classe_ivp"":""Bassa"",""punteggio_ivp"":2},{""unita_pedologica"":""L1"",""superficie_ha"":34.27,""incidenza_pct"":1.45,""classe_capacita_uso"":""I - II - III"",""classe_ivp"":""Molto bassa"",""punteggio_ivp"":1},{""unita_pedologica"":""F2"",""superficie_ha"":1.84,""incidenza_pct"":0.08,""classe_capacita_uso"":""VI - IV - III"",""classe_ivp"":""Media"",""punteggio_ivp"":3}]";"[{""classe"":""Mediobasso"",""superficie_ha"":26.22,""incidenza_pct"":1.11,""indice_classe"":22.85},{""classe"":""Medio"",""superficie_ha"":331.85,""incidenza_pct"":14.05,""indice_classe"":32.41},{""classe"":""Medioalto"",""superficie_ha"":1035.94,""incidenza_pct"":43.85,""indice_classe"":39.91},{""classe"":""Alto"",""superficie_ha"":968.68,""incidenza_pct"":41,""indice_classe"":46.82}]";"[91,92,93,94]";"{""ivp_fig2"":3.047,""classe_ivp_fig2"":""Media"",""ipi_fig3"":40.18,""classe_incendio_fig3"":""Medioalto"",""classe_icr_fig4"":""Molto bassa"",""n_complessi_fig4"":22,""quota_complesso_maggiore_fig4_pct"":35.26,""ivp_coerente"":false,""ipi_coerente"":false,""icr_coerente"":false}";"[]"
"15";"Chiaramonti";"Chiaramonti";"chiaramonti";;"2359.32";"2.82";"2.893";"Media";"41.21";"Medioalto";"78.3";"1847.4";"30";"1297.16";"54.98";"78.64";"1.27";"Media";"Bassa";"Risorsa compatibile ma fragile";"Risorsa compatibile ma fragile e frammentata";"Media x Medioalto x Bassa";"[""selezionare con attenzione le aree pilota, privilegiando i nuclei con condizioni pedologiche più favorevoli"",""attribuire priorità agli interventi di prevenzione incendi, riduzione del combustibile e presidio delle aree in classi Medioalto e Alto"",""impostare una gestione a mosaico, con accordi territoriali e selezione di nuclei prioritari"",""integrare i risultati con verifiche locali su proprietà, accessibilità, stato selvicolturale e continuità del combustibile""]";"La classe ICR è Bassa: il complesso maggiore concentra il 54,98% della risorsa. La sughereta è policentrica o frammentata e richiede una gestione a mosaico.";"Chiaramonti presenta 2.359,32 ha di sugherete, pari al 2,82% della Sughereta Sardegna. L'IVP ponderato è 2,893, in classe Media. La risorsa è pedologicamente compatibile, ma presenta limitazioni che richiedono attenzione nella gestione e nella selezione di aree pilota. Il profilo incendio evidenzia una criticità elevata: la classe ponderata è Medioalto e 1.847,40 ha (78,30%) ricadono nelle classi Medioalto e Alto. Queste superfici richiedono priorità nella pianificazione antincendio e nella gestione attiva. La classe ICR è Bassa: il complesso maggiore concentra il 54,98% della risorsa. La sughereta è policentrica o frammentata e richiede una gestione a mosaico. Il profilo integrato assegnato è: Risorsa compatibile ma fragile e frammentata.";"[{""unita_pedologica"":""D3"",""superficie_ha"":2003.31,""incidenza_pct"":84.91,""classe_capacita_uso"":""VI - VII - VIII"",""classe_ivp"":""Media"",""punteggio_ivp"":3},{""unita_pedologica"":""D1"",""superficie_ha"":241.17,""incidenza_pct"":10.22,""classe_capacita_uso"":""VIII"",""classe_ivp"":""Bassa"",""punteggio_ivp"":2},{""unita_pedologica"":""D4"",""superficie_ha"":104.71,""incidenza_pct"":4.44,""classe_capacita_uso"":""VII - V - IV"",""classe_ivp"":""Media"",""punteggio_ivp"":3},{""unita_pedologica"":""G1"",""superficie_ha"":6.17,""incidenza_pct"":0.26,""classe_capacita_uso"":""VI - VII"",""classe_ivp"":""Bassa"",""punteggio_ivp"":2},{""unita_pedologica"":""F1"",""superficie_ha"":3.95,""incidenza_pct"":0.17,""classe_capacita_uso"":""VII - VIII"",""classe_ivp"":""Bassa"",""punteggio_ivp"":2}]";"[{""classe"":""Mediobasso"",""superficie_ha"":23.99,""incidenza_pct"":1.02,""indice_classe"":22.19},{""classe"":""Medio"",""superficie_ha"":487.93,""incidenza_pct"":20.68,""indice_classe"":31.98},{""classe"":""Medioalto"",""superficie_ha"":960.14,""incidenza_pct"":40.7,""indice_classe"":39.04},{""classe"":""Alto"",""superficie_ha"":887.25,""incidenza_pct"":37.61,""indice_classe"":49.14}]";"[94,95,96,97]";"{""ivp_fig2"":3.549,""classe_ivp_fig2"":""Alta"",""ipi_fig3"":39.02,""classe_incendio_fig3"":""Medioalto"",""classe_icr_fig4"":""Bassa"",""n_complessi_fig4"":8,""quota_complesso_maggiore_fig4_pct"":64.31,""ivp_coerente"":false,""ipi_coerente"":false,""icr_coerente"":false}";"[""Riga 'Alto' assente nell'estrazione Markdown/CSV (perdita a cavallo di pagina); reintegrata leggendo direttamente il PDF, pag. 95.""]"
"16";"Padru";"Padru";"padru";;"2265.4";"2.7";"3.971";"Alta";"44.34";"Medioalto";"92.76";"2101.33";"15";"1328.45";"58.64";"151.03";"0.66";"Media";"Bassa";"Risorsa strategica vulnerabile";"Priorità alta ma gestione complessa: risorsa vocata, esposta e frammentata";"Alta x Medioalto x Bassa";"[""valorizzare la buona vocazionalità pedologica come base per progetti pilota, certificazione e gestione forestale attiva"",""attribuire priorità agli interventi di prevenzione incendi, riduzione del combustibile e presidio delle aree in classi Medioalto e Alto"",""impostare una gestione a mosaico, con accordi territoriali e selezione di nuclei prioritari"",""integrare i risultati con verifiche locali su proprietà, accessibilità, stato selvicolturale e continuità del combustibile""]";"La classe ICR è Bassa: il complesso maggiore concentra il 58,64% della risorsa. La sughereta è policentrica o frammentata e richiede una gestione a mosaico.";"Padru presenta 2.265,40 ha di sugherete, pari al 2,70% della Sughereta Sardegna. L'IVP ponderato è 3,971, in classe Alta. La risorsa mostra una buona coerenza pedologica complessiva con la sughereta, pur con limitazioni locali legate alle unità pedologiche specifiche. Il profilo incendio evidenzia una criticità elevata: la classe ponderata è Medioalto e 2.101,33 ha (92,76%) ricadono nelle classi Medioalto e Alto. Queste superfici richiedono priorità nella pianificazione antincendio e nella gestione attiva. La classe ICR è Bassa: il complesso maggiore concentra il 58,64% della risorsa. La sughereta è policentrica o frammentata e richiede una gestione a mosaico. Il profilo integrato assegnato è: Priorità alta ma gestione complessa: risorsa vocata, esposta e frammentata.";"[{""unita_pedologica"":""C2"",""superficie_ha"":2209.32,""incidenza_pct"":97.52,""classe_capacita_uso"":""VII - VI - IV"",""classe_ivp"":""Alta"",""punteggio_ivp"":4},{""unita_pedologica"":""C1"",""superficie_ha"":51.33,""incidenza_pct"":2.27,""classe_capacita_uso"":""VIII"",""classe_ivp"":""Media"",""punteggio_ivp"":3},{""unita_pedologica"":""O"",""superficie_ha"":4.74,""incidenza_pct"":0.21,""classe_capacita_uso"":null,""classe_ivp"":""Molto bassa"",""punteggio_ivp"":1}]";"[{""classe"":""Mediobasso"",""superficie_ha"":2.42,""incidenza_pct"":0.11,""indice_classe"":23.49},{""classe"":""Medio"",""superficie_ha"":161.65,""incidenza_pct"":7.14,""indice_classe"":32.29},{""classe"":""Medioalto"",""superficie_ha"":880.52,""incidenza_pct"":38.87,""indice_classe"":40.72},{""classe"":""Alto"",""superficie_ha"":1220.81,""incidenza_pct"":53.89,""indice_classe"":48.59}]";"[97,98,99,100]";"{""ivp_fig2"":3.971,""classe_ivp_fig2"":""Alta"",""ipi_fig3"":43.98,""classe_incendio_fig3"":""Medioalto"",""classe_icr_fig4"":""Bassa"",""n_complessi_fig4"":8,""quota_complesso_maggiore_fig4_pct"":66.6,""ivp_coerente"":true,""ipi_coerente"":false,""icr_coerente"":false}";"[]"
"17";"Illorai";"Illorai";"illorai";;"2070.5";"2.47";"3.257";"Alta";"48.02";"Alto";"95.92";"1986.07";"9";"1927.04";"93.07";"230.06";"0.43";"Bassa";"Alta";"Risorsa strategica vulnerabile";"Priorità alta: risorsa vocata, esposta e territorialmente governabile";"Alta x Alto x Alta";"[""valorizzare la buona vocazionalità pedologica come base per progetti pilota, certificazione e gestione forestale attiva"",""attribuire priorità agli interventi di prevenzione incendi, riduzione del combustibile e presidio delle aree in classi Medioalto e Alto"",""utilizzare il complesso principale come ambito preferenziale per interventi coordinati e monitoraggio"",""integrare i risultati con verifiche locali su proprietà, accessibilità, stato selvicolturale e continuità del combustibile""]";"La classe ICR è Alta: il complesso maggiore concentra il 93,07% della sughereta comunale. La risorsa risulta fortemente accorpata e potenzialmente più governabile per interventi coordinati.";"Illorai presenta 2.070,50 ha di sugherete, pari al 2,47% della Sughereta Sardegna. L'IVP ponderato è 3,257, in classe Alta. La risorsa mostra una buona coerenza pedologica complessiva con la sughereta, pur con limitazioni locali legate alle unità pedologiche specifiche. Il profilo incendio evidenzia una criticità elevata: la classe ponderata è Alto e 1.986,07 ha (95,92%) ricadono nelle classi Medioalto e Alto. Queste superfici richiedono priorità nella pianificazione antincendio e nella gestione attiva. La classe ICR è Alta: il complesso maggiore concentra il 93,07% della sughereta comunale. La risorsa risulta fortemente accorpata e potenzialmente più governabile per interventi coordinati. Il profilo integrato assegnato è: Priorità alta: risorsa vocata, esposta e territorialmente governabile.";"[{""unita_pedologica"":""I1"",""superficie_ha"":844.37,""incidenza_pct"":40.78,""classe_capacita_uso"":""III - IV"",""classe_ivp"":""Media"",""punteggio_ivp"":3},{""unita_pedologica"":""C2"",""superficie_ha"":572.76,""incidenza_pct"":27.66,""classe_capacita_uso"":""VII - VI - IV"",""classe_ivp"":""Alta"",""punteggio_ivp"":4},{""unita_pedologica"":""B2"",""superficie_ha"":510.09,""incidenza_pct"":24.64,""classe_capacita_uso"":""VII - VI"",""classe_ivp"":""Media"",""punteggio_ivp"":3},{""unita_pedologica"":""D4"",""superficie_ha"":54.9,""incidenza_pct"":2.65,""classe_capacita_uso"":""VII - V - IV"",""classe_ivp"":""Media"",""punteggio_ivp"":3},{""unita_pedologica"":""D3"",""superficie_ha"":34.96,""incidenza_pct"":1.69,""classe_capacita_uso"":""VI - VII - VIII"",""classe_ivp"":""Media"",""punteggio_ivp"":3},{""unita_pedologica"":""B3"",""superficie_ha"":33.25,""incidenza_pct"":1.61,""classe_capacita_uso"":""VI - VII"",""classe_ivp"":""Media"",""punteggio_ivp"":3},{""unita_pedologica"":""L1"",""superficie_ha"":20.19,""incidenza_pct"":0.97,""classe_capacita_uso"":""I - II - III"",""classe_ivp"":""Molto bassa"",""punteggio_ivp"":1}]";"[{""classe"":""Basso"",""superficie_ha"":0.02,""incidenza_pct"":0,""indice_classe"":16.72},{""classe"":""Mediobasso"",""superficie_ha"":1.02,""incidenza_pct"":0.05,""indice_classe"":19.26},{""classe"":""Medio"",""superficie_ha"":83.39,""incidenza_pct"":4.03,""indice_classe"":29.43},{""classe"":""Medioalto"",""superficie_ha"":261.13,""incidenza_pct"":12.61,""indice_classe"":40.52},{""classe"":""Alto"",""superficie_ha"":1724.94,""incidenza_pct"":83.31,""indice_classe"":50.07}]";"[100,101,102,103]";"{""ivp_fig2"":3.798,""classe_ivp_fig2"":""Alta"",""ipi_fig3"":49.75,""classe_incendio_fig3"":""Alto"",""classe_icr_fig4"":""Alta"",""n_complessi_fig4"":7,""quota_complesso_maggiore_fig4_pct"":95.26,""ivp_coerente"":false,""ipi_coerente"":false,""icr_coerente"":false}";"[]"
"18";"Olbia";"Olbia";"olbia";;"1971.52";"2.35";"3.673";"Alta";"42.6";"Medioalto";"88.24";"1739.62";"78";"555.95";"28.2";"25.28";"3.96";"Molto alta";"Molto bassa";"Risorsa strategica vulnerabile";"Priorità alta ma gestione complessa: risorsa vocata, esposta e frammentata";"Alta x Medioalto x Molto bassa";"[""valorizzare la buona vocazionalità pedologica come base per progetti pilota, certificazione e gestione forestale attiva"",""attribuire priorità agli interventi di prevenzione incendi, riduzione del combustibile e presidio delle aree in classi Medioalto e Alto"",""impostare una gestione a mosaico, con accordi territoriali e selezione di nuclei prioritari"",""integrare i risultati con verifiche locali su proprietà, accessibilità, stato selvicolturale e continuità del combustibile""]";"La classe ICR è Molto bassa: il complesso maggiore concentra solo il 28,20% della risorsa. La sughereta è fortemente dispersa e richiede maggiore coordinamento gestionale e selezione di ambiti prioritari.";"Olbia presenta 1.971,52 ha di sugherete, pari al 2,35% della Sughereta Sardegna. L'IVP ponderato è 3,673, in classe Alta. La risorsa mostra una buona coerenza pedologica complessiva con la sughereta, pur con limitazioni locali legate alle unità pedologiche specifiche. Il profilo incendio evidenzia una criticità elevata: la classe ponderata è Medioalto e 1.739,62 ha (88,24%) ricadono nelle classi Medioalto e Alto. Queste superfici richiedono priorità nella pianificazione antincendio e nella gestione attiva. La classe ICR è Molto bassa: il complesso maggiore concentra solo il 28,20% della risorsa. La sughereta è fortemente dispersa e richiede maggiore coordinamento gestionale e selezione di ambiti prioritari. Il profilo integrato assegnato è: Priorità alta ma gestione complessa: risorsa vocata, esposta e frammentata.";"[{""unita_pedologica"":""C2"",""superficie_ha"":1415.52,""incidenza_pct"":71.8,""classe_capacita_uso"":""VII - VI - IV"",""classe_ivp"":""Alta"",""punteggio_ivp"":4},{""unita_pedologica"":""C1"",""superficie_ha"":377.57,""incidenza_pct"":19.15,""classe_capacita_uso"":""VIII"",""classe_ivp"":""Media"",""punteggio_ivp"":3},{""unita_pedologica"":""I1"",""superficie_ha"":119.67,""incidenza_pct"":6.07,""classe_capacita_uso"":""III - IV"",""classe_ivp"":""Media"",""punteggio_ivp"":3},{""unita_pedologica"":""L1"",""superficie_ha"":42.75,""incidenza_pct"":2.17,""classe_capacita_uso"":""I - II - III"",""classe_ivp"":""Molto bassa"",""punteggio_ivp"":1},{""unita_pedologica"":""B2"",""superficie_ha"":14.01,""incidenza_pct"":0.71,""classe_capacita_uso"":""VII - VI"",""classe_ivp"":""Media"",""punteggio_ivp"":3},{""unita_pedologica"":""O"",""superficie_ha"":2,""incidenza_pct"":0.1,""classe_capacita_uso"":null,""classe_ivp"":""Molto bassa"",""punteggio_ivp"":1}]";"[{""classe"":""Mediobasso"",""superficie_ha"":19.42,""incidenza_pct"":0.99,""indice_classe"":23.71},{""classe"":""Medio"",""superficie_ha"":212.47,""incidenza_pct"":10.78,""indice_classe"":31.58},{""classe"":""Medioalto"",""superficie_ha"":894.4,""incidenza_pct"":45.37,""indice_classe"":39.45},{""classe"":""Alto"",""superficie_ha"":845.22,""incidenza_pct"":42.87,""indice_classe"":49.14}]";"[103,104,105,106]";"{""ivp_fig2"":null,""classe_ivp_fig2"":null,""ipi_fig3"":41.08,""classe_incendio_fig3"":""Medioalto"",""classe_icr_fig4"":""Molto bassa"",""n_complessi_fig4"":25,""quota_complesso_maggiore_fig4_pct"":33.84,""ivp_coerente"":false,""ipi_coerente"":false,""icr_coerente"":false}";"[]"
"19";"Oliena";"Oliena";"oliena";;"1944.06";"2.32";"3.987";"Alta";"43.2";"Medioalto";"95.6";"1858.51";"30";"1238.47";"63.71";"64.8";"1.54";"Alta";"Media";"Risorsa strategica vulnerabile";"Priorità alta: risorsa vocata, esposta e territorialmente governabile";"Alta x Medioalto x Media";"[""valorizzare la buona vocazionalità pedologica come base per progetti pilota, certificazione e gestione forestale attiva"",""attribuire priorità agli interventi di prevenzione incendi, riduzione del combustibile e presidio delle aree in classi Medioalto e Alto"",""utilizzare il complesso principale come ambito preferenziale per interventi coordinati e monitoraggio"",""integrare i risultati con verifiche locali su proprietà, accessibilità, stato selvicolturale e continuità del combustibile""]";"La classe ICR è Media: il complesso maggiore concentra il 63,71% della risorsa, con nuclei secondari significativi. La gestione può concentrarsi sul nucleo principale, senza trascurare le aree minori.";"Oliena presenta 1.944,06 ha di sugherete, pari al 2,32% della Sughereta Sardegna. L'IVP ponderato è 3,987, in classe Alta. La risorsa mostra una buona coerenza pedologica complessiva con la sughereta, pur con limitazioni locali legate alle unità pedologiche specifiche. Il profilo incendio evidenzia una criticità elevata: la classe ponderata è Medioalto e 1.858,51 ha (95,60%) ricadono nelle classi Medioalto e Alto. Queste superfici richiedono priorità nella pianificazione antincendio e nella gestione attiva. La classe ICR è Media: il complesso maggiore concentra il 63,71% della risorsa, con nuclei secondari significativi. La gestione può concentrarsi sul nucleo principale, senza trascurare le aree minori. Il profilo integrato assegnato è: Priorità alta: risorsa vocata, esposta e territorialmente governabile.";"[{""unita_pedologica"":""C2"",""superficie_ha"":1928.78,""incidenza_pct"":99.21,""classe_capacita_uso"":""VII - VI - IV"",""classe_ivp"":""Alta"",""punteggio_ivp"":4},{""unita_pedologica"":""E1"",""superficie_ha"":5.68,""incidenza_pct"":0.29,""classe_capacita_uso"":""VII - VII"",""classe_ivp"":""Bassa"",""punteggio_ivp"":2},{""unita_pedologica"":""I1"",""superficie_ha"":5.43,""incidenza_pct"":0.28,""classe_capacita_uso"":""III - IV"",""classe_ivp"":""Media"",""punteggio_ivp"":3},{""unita_pedologica"":""L1"",""superficie_ha"":2.29,""incidenza_pct"":0.12,""classe_capacita_uso"":""I - II - III"",""classe_ivp"":""Molto bassa"",""punteggio_ivp"":1},{""unita_pedologica"":""C1"",""superficie_ha"":1.89,""incidenza_pct"":0.1,""classe_capacita_uso"":""VIII"",""classe_ivp"":""Media"",""punteggio_ivp"":3}]";"[{""classe"":""Mediobasso"",""superficie_ha"":10.36,""incidenza_pct"":0.53,""indice_classe"":24.64},{""classe"":""Medio"",""superficie_ha"":75.19,""incidenza_pct"":3.87,""indice_classe"":30.95},{""classe"":""Medioalto"",""superficie_ha"":979.21,""incidenza_pct"":50.37,""indice_classe"":40.05},{""classe"":""Alto"",""superficie_ha"":879.3,""incidenza_pct"":45.23,""indice_classe"":47.98}]";"[106,107,108,109]";"{""ivp_fig2"":3.987,""classe_ivp_fig2"":""Alta"",""ipi_fig3"":49.28,""classe_incendio_fig3"":""Alto"",""classe_icr_fig4"":""Media"",""n_complessi_fig4"":11,""quota_complesso_maggiore_fig4_pct"":70.98,""ivp_coerente"":true,""ipi_coerente"":false,""icr_coerente"":false}";"[]"
"20";"Pozzomaggiore";"Pozzomaggiore";"pozzomaggiore";;"1837.12";"2.19";"2.001";"Bassa";"43.74";"Medioalto";"91.24";"1676.19";"19";"1652.01";"89.92";"96.69";"1.03";"Media";"Alta";"Area critica o marginale esposta";"Area critica/marginale esposta: priorità selettiva";"Bassa x Medioalto x Alta";"[""selezionare con attenzione le aree pilota, privilegiando i nuclei con condizioni pedologiche più favorevoli"",""attribuire priorità agli interventi di prevenzione incendi, riduzione del combustibile e presidio delle aree in classi Medioalto e Alto"",""utilizzare il complesso principale come ambito preferenziale per interventi coordinati e monitoraggio"",""integrare i risultati con verifiche locali su proprietà, accessibilità, stato selvicolturale e continuità del combustibile""]";"La classe ICR è Alta: il complesso maggiore concentra il 89,92% della sughereta comunale. La risorsa risulta fortemente accorpata e potenzialmente più governabile per interventi coordinati.";"Pozzomaggiore presenta 1.837,12 ha di sugherete, pari al 2,19% della Sughereta Sardegna. L'IVP ponderato è 2,001, in classe Bassa. La vocazionalità pedologica appare più limitante e suggerisce un approccio selettivo agli investimenti e agli interventi di valorizzazione. Il profilo incendio evidenzia una criticità elevata: la classe ponderata è Medioalto e 1.676,19 ha (91,24%) ricadono nelle classi Medioalto e Alto. Queste superfici richiedono priorità nella pianificazione antincendio e nella gestione attiva. La classe ICR è Alta: il complesso maggiore concentra il 89,92% della sughereta comunale. La risorsa risulta fortemente accorpata e potenzialmente più governabile per interventi coordinati. Il profilo integrato assegnato è: Area critica/marginale esposta: priorità selettiva.";"[{""unita_pedologica"":""D2"",""superficie_ha"":1616.7,""incidenza_pct"":88,""classe_capacita_uso"":""II"",""classe_ivp"":""Bassa"",""punteggio_ivp"":2},{""unita_pedologica"":""E1"",""superficie_ha"":138.16,""incidenza_pct"":7.52,""classe_capacita_uso"":""VII - VII"",""classe_ivp"":""Bassa"",""punteggio_ivp"":2},{""unita_pedologica"":""G1"",""superficie_ha"":80.63,""incidenza_pct"":4.39,""classe_capacita_uso"":""VI - VII"",""classe_ivp"":""Bassa"",""punteggio_ivp"":2},{""unita_pedologica"":""F2"",""superficie_ha"":1.64,""incidenza_pct"":0.09,""classe_capacita_uso"":""VI - IV - III"",""classe_ivp"":""Media"",""punteggio_ivp"":3}]";"[{""classe"":""Mediobasso"",""superficie_ha"":5.76,""incidenza_pct"":0.31,""indice_classe"":22.38},{""classe"":""Medio"",""superficie_ha"":155.17,""incidenza_pct"":8.45,""indice_classe"":32.32},{""classe"":""Medioalto"",""superficie_ha"":817.23,""incidenza_pct"":44.48,""indice_classe"":39.91},{""classe"":""Alto"",""superficie_ha"":858.96,""incidenza_pct"":46.76,""indice_classe"":49.58}]";"[109,110,111,112]";"{""ivp_fig2"":3.192,""classe_ivp_fig2"":""Media"",""ipi_fig3"":44.71,""classe_incendio_fig3"":""Medioalto"",""classe_icr_fig4"":""Alta"",""n_complessi_fig4"":7,""quota_complesso_maggiore_fig4_pct"":94.56,""ivp_coerente"":false,""ipi_coerente"":false,""icr_coerente"":false}";"[""Riga 'Alto' assente nell'estrazione Markdown/CSV (perdita a cavallo di pagina); reintegrata leggendo direttamente il PDF, pag. 110.""]"
"21";"Benetutti";"Benetutti";"benetutti";;"1822.49";"2.18";"3.789";"Alta";"43.77";"Medioalto";"87.86";"1601.24";"48";"642.73";"35.27";"37.97";"2.63";"Alta";"Molto bassa";"Risorsa strategica vulnerabile";"Priorità alta ma gestione complessa: risorsa vocata, esposta e frammentata";"Alta x Medioalto x Molto bassa";"[""valorizzare la buona vocazionalità pedologica come base per progetti pilota, certificazione e gestione forestale attiva"",""attribuire priorità agli interventi di prevenzione incendi, riduzione del combustibile e presidio delle aree in classi Medioalto e Alto"",""impostare una gestione a mosaico, con accordi territoriali e selezione di nuclei prioritari"",""integrare i risultati con verifiche locali su proprietà, accessibilità, stato selvicolturale e continuità del combustibile""]";"La classe ICR è Molto bassa: il complesso maggiore concentra solo il 35,27% della risorsa. La sughereta è fortemente dispersa e richiede maggiore coordinamento gestionale e selezione di ambiti prioritari.";"Benetutti presenta 1.822,49 ha di sugherete, pari al 2,18% della Sughereta Sardegna. L'IVP ponderato è 3,789, in classe Alta. La risorsa mostra una buona coerenza pedologica complessiva con la sughereta, pur con limitazioni locali legate alle unità pedologiche specifiche. Il profilo incendio evidenzia una criticità elevata: la classe ponderata è Medioalto e 1.601,24 ha (87,86%) ricadono nelle classi Medioalto e Alto. Queste superfici richiedono priorità nella pianificazione antincendio e nella gestione attiva. La classe ICR è Molto bassa: il complesso maggiore concentra solo il 35,27% della risorsa. La sughereta è fortemente dispersa e richiede maggiore coordinamento gestionale e selezione di ambiti prioritari. Il profilo integrato assegnato è: Priorità alta ma gestione complessa: risorsa vocata, esposta e frammentata.";"[{""unita_pedologica"":""C2"",""superficie_ha"":1450.5,""incidenza_pct"":79.59,""classe_capacita_uso"":""VII - VI - IV"",""classe_ivp"":""Alta"",""punteggio_ivp"":4},{""unita_pedologica"":""C1"",""superficie_ha"":149.66,""incidenza_pct"":8.21,""classe_capacita_uso"":""VIII"",""classe_ivp"":""Media"",""punteggio_ivp"":3},{""unita_pedologica"":""I1"",""superficie_ha"":98.98,""incidenza_pct"":5.43,""classe_capacita_uso"":""III - IV"",""classe_ivp"":""Media"",""punteggio_ivp"":3},{""unita_pedologica"":""C3"",""superficie_ha"":74.83,""incidenza_pct"":4.11,""classe_capacita_uso"":""VII - VI - IV"",""classe_ivp"":""Media"",""punteggio_ivp"":3},{""unita_pedologica"":""D4"",""superficie_ha"":39.89,""incidenza_pct"":2.19,""classe_capacita_uso"":""VII - V - IV"",""classe_ivp"":""Media"",""punteggio_ivp"":3},{""unita_pedologica"":""L2"",""superficie_ha"":5.45,""incidenza_pct"":0.3,""classe_capacita_uso"":""II - III"",""classe_ivp"":""Bassa"",""punteggio_ivp"":2},{""unita_pedologica"":""O"",""superficie_ha"":2.39,""incidenza_pct"":0.13,""classe_capacita_uso"":null,""classe_ivp"":""Molto bassa"",""punteggio_ivp"":1},{""unita_pedologica"":""L1"",""superficie_ha"":0.77,""incidenza_pct"":0.04,""classe_capacita_uso"":""I - II - III"",""classe_ivp"":""Molto bassa"",""punteggio_ivp"":1}]";"[{""classe"":""Basso"",""superficie_ha"":1.04,""incidenza_pct"":0.06,""indice_classe"":16.72},{""classe"":""Mediobasso"",""superficie_ha"":48.65,""incidenza_pct"":2.67,""indice_classe"":22.36},{""classe"":""Medio"",""superficie_ha"":171.55,""incidenza_pct"":9.41,""indice_classe"":30.47},{""classe"":""Medioalto"",""superficie_ha"":588.73,""incidenza_pct"":32.3,""indice_classe"":40.39},{""classe"":""Alto"",""superficie_ha"":1012.51,""incidenza_pct"":55.56,""indice_classe"":49.04}]";"[112,113,114,115]";"{""ivp_fig2"":3.284,""classe_ivp_fig2"":""Media"",""ipi_fig3"":42.48,""classe_incendio_fig3"":""Medioalto"",""classe_icr_fig4"":""Molto bassa"",""n_complessi_fig4"":21,""quota_complesso_maggiore_fig4_pct"":32.58,""ivp_coerente"":false,""ipi_coerente"":false,""icr_coerente"":false}";"[]"
"22";"Abbasanta";"Abbasanta";"abbasanta";;"1767.81";"2.11";"2";"Bassa";"42.55";"Medioalto";"96.15";"1699.72";"7";"1685.8";"95.36";"252.54";"0.4";"Bassa";"Alta";"Area critica o marginale esposta";"Area critica/marginale esposta: priorità selettiva";"Bassa x Medioalto x Alta";"[""selezionare con attenzione le aree pilota, privilegiando i nuclei con condizioni pedologiche più favorevoli"",""attribuire priorità agli interventi di prevenzione incendi, riduzione del combustibile e presidio delle aree in classi Medioalto e Alto"",""utilizzare il complesso principale come ambito preferenziale per interventi coordinati e monitoraggio"",""integrare i risultati con verifiche locali su proprietà, accessibilità, stato selvicolturale e continuità del combustibile""]";"La classe ICR è Alta: il complesso maggiore concentra il 95,36% della sughereta comunale. La risorsa risulta fortemente accorpata e potenzialmente più governabile per interventi coordinati.";"Abbasanta presenta 1.767,81 ha di sugherete, pari al 2,11% della Sughereta Sardegna. L'IVP ponderato è 2,000, in classe Bassa. La vocazionalità pedologica appare più limitante e suggerisce un approccio selettivo agli investimenti e agli interventi di valorizzazione. Il profilo incendio evidenzia una criticità elevata: la classe ponderata è Medioalto e 1.699,72 ha (96,15%) ricadono nelle classi Medioalto e Alto. Queste superfici richiedono priorità nella pianificazione antincendio e nella gestione attiva. La classe ICR è Alta: il complesso maggiore concentra il 95,36% della sughereta comunale. La risorsa risulta fortemente accorpata e potenzialmente più governabile per interventi coordinati. Il profilo integrato assegnato è: Area critica/marginale esposta: priorità selettiva.";"[{""unita_pedologica"":""E1"",""superficie_ha"":1718.06,""incidenza_pct"":97.19,""classe_capacita_uso"":""VII - VII"",""classe_ivp"":""Bassa"",""punteggio_ivp"":2},{""unita_pedologica"":""L2"",""superficie_ha"":49.76,""incidenza_pct"":2.81,""classe_capacita_uso"":""II - III"",""classe_ivp"":""Bassa"",""punteggio_ivp"":2}]";"[{""classe"":""Mediobasso"",""superficie_ha"":1.94,""incidenza_pct"":0.11,""indice_classe"":22.69},{""classe"":""Medio"",""superficie_ha"":66.15,""incidenza_pct"":3.74,""indice_classe"":31.08},{""classe"":""Medioalto"",""superficie_ha"":957.84,""incidenza_pct"":54.18,""indice_classe"":37.63},{""classe"":""Alto"",""superficie_ha"":741.88,""incidenza_pct"":41.97,""indice_classe"":49.98}]";"[115,116,117,118]";"{""ivp_fig2"":2.842,""classe_ivp_fig2"":""Bassa"",""ipi_fig3"":49.16,""classe_incendio_fig3"":""Alto"",""classe_icr_fig4"":""Alta"",""n_complessi_fig4"":5,""quota_complesso_maggiore_fig4_pct"":99.35,""ivp_coerente"":false,""ipi_coerente"":false,""icr_coerente"":false}";"[]"
"23";"Pattada";"Pattada";"pattada";;"1761.94";"2.1";"3.816";"Alta";"40.53";"Medioalto";"79.39";"1398.86";"56";"805.9";"45.74";"31.46";"3.18";"Molto alta";"Bassa";"Risorsa strategica vulnerabile";"Priorità alta ma gestione complessa: risorsa vocata, esposta e frammentata";"Alta x Medioalto x Bassa";"[""valorizzare la buona vocazionalità pedologica come base per progetti pilota, certificazione e gestione forestale attiva"",""attribuire priorità agli interventi di prevenzione incendi, riduzione del combustibile e presidio delle aree in classi Medioalto e Alto"",""impostare una gestione a mosaico, con accordi territoriali e selezione di nuclei prioritari"",""integrare i risultati con verifiche locali su proprietà, accessibilità, stato selvicolturale e continuità del combustibile""]";"La classe ICR è Bassa: il complesso maggiore concentra il 45,74% della risorsa. La sughereta è policentrica o frammentata e richiede una gestione a mosaico.";"Pattada presenta 1.761,94 ha di sugherete, pari al 2,10% della Sughereta Sardegna. L'IVP ponderato è 3,816, in classe Alta. La risorsa mostra una buona coerenza pedologica complessiva con la sughereta, pur con limitazioni locali legate alle unità pedologiche specifiche. Il profilo incendio evidenzia una criticità elevata: la classe ponderata è Medioalto e 1.398,86 ha (79,39%) ricadono nelle classi Medioalto e Alto. Queste superfici richiedono priorità nella pianificazione antincendio e nella gestione attiva. La classe ICR è Bassa: il complesso maggiore concentra il 45,74% della risorsa. La sughereta è policentrica o frammentata e richiede una gestione a mosaico. Il profilo integrato assegnato è: Priorità alta ma gestione complessa: risorsa vocata, esposta e frammentata.";"[{""unita_pedologica"":""C2"",""superficie_ha"":1438.54,""incidenza_pct"":81.64,""classe_capacita_uso"":""VII - VI - IV"",""classe_ivp"":""Alta"",""punteggio_ivp"":4},{""unita_pedologica"":""C1"",""superficie_ha"":205.27,""incidenza_pct"":11.65,""classe_capacita_uso"":""VIII"",""classe_ivp"":""Media"",""punteggio_ivp"":3},{""unita_pedologica"":""G2"",""superficie_ha"":77.04,""incidenza_pct"":4.37,""classe_capacita_uso"":""I - II - III"",""classe_ivp"":""Media"",""punteggio_ivp"":3},{""unita_pedologica"":""B3"",""superficie_ha"":28.75,""incidenza_pct"":1.63,""classe_capacita_uso"":""VI - VII"",""classe_ivp"":""Media"",""punteggio_ivp"":3},{""unita_pedologica"":""C3"",""superficie_ha"":12.35,""incidenza_pct"":0.7,""classe_capacita_uso"":""VII - VI - IV"",""classe_ivp"":""Media"",""punteggio_ivp"":3}]";"[{""classe"":""Basso"",""superficie_ha"":2.03,""incidenza_pct"":0.12,""indice_classe"":14.42},{""classe"":""Mediobasso"",""superficie_ha"":38.3,""incidenza_pct"":2.17,""indice_classe"":21.59},{""classe"":""Medio"",""superficie_ha"":322.76,""incidenza_pct"":18.32,""indice_classe"":31.98},{""classe"":""Medioalto"",""superficie_ha"":912.17,""incidenza_pct"":51.77,""indice_classe"":39.46},{""classe"":""Alto"",""superficie_ha"":486.68,""incidenza_pct"":27.62,""indice_classe"":49.81}]";"[118,119,120,121]";"{""ivp_fig2"":3.689,""classe_ivp_fig2"":""Alta"",""ipi_fig3"":38.15,""classe_incendio_fig3"":""Medioalto"",""classe_icr_fig4"":""Bassa"",""n_complessi_fig4"":9,""quota_complesso_maggiore_fig4_pct"":63.52,""ivp_coerente"":false,""ipi_coerente"":false,""icr_coerente"":false}";"[]"
"24";"Monti";"Monti";"monti";;"1637.71";"1.95";"3.936";"Alta";"43.86";"Medioalto";"90.74";"1486.09";"42";"823.09";"50.26";"38.99";"2.56";"Alta";"Bassa";"Risorsa strategica vulnerabile";"Priorità alta ma gestione complessa: risorsa vocata, esposta e frammentata";"Alta x Medioalto x Bassa";"[""valorizzare la buona vocazionalità pedologica come base per progetti pilota, certificazione e gestione forestale attiva"",""attribuire priorità agli interventi di prevenzione incendi, riduzione del combustibile e presidio delle aree in classi Medioalto e Alto"",""impostare una gestione a mosaico, con accordi territoriali e selezione di nuclei prioritari"",""integrare i risultati con verifiche locali su proprietà, accessibilità, stato selvicolturale e continuità del combustibile""]";"La classe ICR è Bassa: il complesso maggiore concentra il 50,26% della risorsa. La sughereta è policentrica o frammentata e richiede una gestione a mosaico.";"Monti presenta 1.637,71 ha di sugherete, pari al 1,95% della Sughereta Sardegna. L'IVP ponderato è 3,936, in classe Alta. La risorsa mostra una buona coerenza pedologica complessiva con la sughereta, pur con limitazioni locali legate alle unità pedologiche specifiche. Il profilo incendio evidenzia una criticità elevata: la classe ponderata è Medioalto e 1.486,09 ha (90,74%) ricadono nelle classi Medioalto e Alto. Queste superfici richiedono priorità nella pianificazione antincendio e nella gestione attiva. La classe ICR è Bassa: il complesso maggiore concentra il 50,26% della risorsa. La sughereta è policentrica o frammentata e richiede una gestione a mosaico. Il profilo integrato assegnato è: Priorità alta ma gestione complessa: risorsa vocata, esposta e frammentata.";"[{""unita_pedologica"":""C2"",""superficie_ha"":1532.66,""incidenza_pct"":93.59,""classe_capacita_uso"":""VII - VI - IV"",""classe_ivp"":""Alta"",""punteggio_ivp"":4},{""unita_pedologica"":""C1"",""superficie_ha"":103.53,""incidenza_pct"":6.32,""classe_capacita_uso"":""VIII"",""classe_ivp"":""Media"",""punteggio_ivp"":3},{""unita_pedologica"":""I1"",""superficie_ha"":1.53,""incidenza_pct"":0.09,""classe_capacita_uso"":""III - IV"",""classe_ivp"":""Media"",""punteggio_ivp"":3}]";"[{""classe"":""Mediobasso"",""superficie_ha"":12.51,""incidenza_pct"":0.76,""indice_classe"":23.12},{""classe"":""Medio"",""superficie_ha"":139.11,""incidenza_pct"":8.49,""indice_classe"":32.33},{""classe"":""Medioalto"",""superficie_ha"":650.04,""incidenza_pct"":39.69,""indice_classe"":40.02},{""classe"":""Alto"",""superficie_ha"":836.05,""incidenza_pct"":51.05,""indice_classe"":49.08}]";"[121,122,123,124]";"{""ivp_fig2"":3.936,""classe_ivp_fig2"":""Alta"",""ipi_fig3"":41.74,""classe_incendio_fig3"":""Medioalto"",""classe_icr_fig4"":""Bassa"",""n_complessi_fig4"":7,""quota_complesso_maggiore_fig4_pct"":63.77,""ivp_coerente"":true,""ipi_coerente"":false,""icr_coerente"":false}";"[]"
"25";"Ploaghe";"Ploaghe";"ploaghe";;"1561.48";"1.86";"2.569";"Media";"40.57";"Medioalto";"87.31";"1363.3";"23";"680.08";"43.55";"67.89";"1.47";"Media";"Bassa";"Risorsa compatibile ma fragile";"Risorsa compatibile ma fragile e frammentata";"Media x Medioalto x Bassa";"[""selezionare con attenzione le aree pilota, privilegiando i nuclei con condizioni pedologiche più favorevoli"",""attribuire priorità agli interventi di prevenzione incendi, riduzione del combustibile e presidio delle aree in classi Medioalto e Alto"",""impostare una gestione a mosaico, con accordi territoriali e selezione di nuclei prioritari"",""integrare i risultati con verifiche locali su proprietà, accessibilità, stato selvicolturale e continuità del combustibile""]";"La classe ICR è Bassa: il complesso maggiore concentra il 43,55% della risorsa. La sughereta è policentrica o frammentata e richiede una gestione a mosaico.";"Ploaghe presenta 1.561,48 ha di sugherete, pari al 1,86% della Sughereta Sardegna. L'IVP ponderato è 2,569, in classe Media. La risorsa è pedologicamente compatibile, ma presenta limitazioni che richiedono attenzione nella gestione e nella selezione di aree pilota. Il profilo incendio evidenzia una criticità elevata: la classe ponderata è Medioalto e 1.363,30 ha (87,31%) ricadono nelle classi Medioalto e Alto. Queste superfici richiedono priorità nella pianificazione antincendio e nella gestione attiva. La classe ICR è Bassa: il complesso maggiore concentra il 43,55% della risorsa. La sughereta è policentrica o frammentata e richiede una gestione a mosaico. Il profilo integrato assegnato è: Risorsa compatibile ma fragile e frammentata.";"[{""unita_pedologica"":""D3"",""superficie_ha"":569.19,""incidenza_pct"":36.45,""classe_capacita_uso"":""VI - VII - VIII"",""classe_ivp"":""Media"",""punteggio_ivp"":3},{""unita_pedologica"":""E1"",""superficie_ha"":459.86,""incidenza_pct"":29.45,""classe_capacita_uso"":""VII - VII"",""classe_ivp"":""Bassa"",""punteggio_ivp"":2},{""unita_pedologica"":""F2"",""superficie_ha"":234.65,""incidenza_pct"":15.03,""classe_capacita_uso"":""VI - IV - III"",""classe_ivp"":""Media"",""punteggio_ivp"":3},{""unita_pedologica"":""F1"",""superficie_ha"":137.48,""incidenza_pct"":8.8,""classe_capacita_uso"":""VII - VIII"",""classe_ivp"":""Bassa"",""punteggio_ivp"":2},{""unita_pedologica"":""D4"",""superficie_ha"":84.33,""incidenza_pct"":5.4,""classe_capacita_uso"":""VII - V - IV"",""classe_ivp"":""Media"",""punteggio_ivp"":3},{""unita_pedologica"":""G1"",""superficie_ha"":46.33,""incidenza_pct"":2.97,""classe_capacita_uso"":""VI - VII"",""classe_ivp"":""Bassa"",""punteggio_ivp"":2},{""unita_pedologica"":""D1"",""superficie_ha"":28.44,""incidenza_pct"":1.82,""classe_capacita_uso"":""VIII"",""classe_ivp"":""Bassa"",""punteggio_ivp"":2},{""unita_pedologica"":""L2"",""superficie_ha"":1.2,""incidenza_pct"":0.08,""classe_capacita_uso"":""II - III"",""classe_ivp"":""Bassa"",""punteggio_ivp"":2}]";"[{""classe"":""Mediobasso"",""superficie_ha"":14.9,""incidenza_pct"":0.95,""indice_classe"":22.43},{""classe"":""Medio"",""superficie_ha"":183.28,""incidenza_pct"":11.74,""indice_classe"":31.38},{""classe"":""Medioalto"",""superficie_ha"":883.06,""incidenza_pct"":56.55,""indice_classe"":38.74},{""classe"":""Alto"",""superficie_ha"":480.25,""incidenza_pct"":30.76,""indice_classe"":48.01}]";"[124,125,126,127]";"{""ivp_fig2"":3.487,""classe_ivp_fig2"":""Alta"",""ipi_fig3"":39.65,""classe_incendio_fig3"":""Medioalto"",""classe_icr_fig4"":""Bassa"",""n_complessi_fig4"":7,""quota_complesso_maggiore_fig4_pct"":62.76,""ivp_coerente"":false,""ipi_coerente"":false,""icr_coerente"":false}";"[]"
"26";"Bono";"Bono";"bono";;"1462.03";"1.74";"3.711";"Alta";"47.15";"Alto";"98.14";"1434.89";"19";"894.86";"61.21";"76.95";"1.3";"Media";"Media";"Risorsa strategica vulnerabile";"Priorità alta: risorsa vocata, esposta e territorialmente governabile";"Alta x Alto x Media";"[""valorizzare la buona vocazionalità pedologica come base per progetti pilota, certificazione e gestione forestale attiva"",""attribuire priorità agli interventi di prevenzione incendi, riduzione del combustibile e presidio delle aree in classi Medioalto e Alto"",""utilizzare il complesso principale come ambito preferenziale per interventi coordinati e monitoraggio"",""integrare i risultati con verifiche locali su proprietà, accessibilità, stato selvicolturale e continuità del combustibile""]";"La classe ICR è Media: il complesso maggiore concentra il 61,21% della risorsa, con nuclei secondari significativi. La gestione può concentrarsi sul nucleo principale, senza trascurare le aree minori.";"Bono presenta 1.462,03 ha di sugherete, pari al 1,74% della Sughereta Sardegna. L'IVP ponderato è 3,711, in classe Alta. La risorsa mostra una buona coerenza pedologica complessiva con la sughereta, pur con limitazioni locali legate alle unità pedologiche specifiche. Il profilo incendio evidenzia una criticità elevata: la classe ponderata è Alto e 1.434,89 ha (98,14%) ricadono nelle classi Medioalto e Alto. Queste superfici richiedono priorità nella pianificazione antincendio e nella gestione attiva. La classe ICR è Media: il complesso maggiore concentra il 61,21% della risorsa, con nuclei secondari significativi. La gestione può concentrarsi sul nucleo principale, senza trascurare le aree minori. Il profilo integrato assegnato è: Priorità alta: risorsa vocata, esposta e territorialmente governabile.";"[{""unita_pedologica"":""C2"",""superficie_ha"":1040.07,""incidenza_pct"":71.14,""classe_capacita_uso"":""VII - VI - IV"",""classe_ivp"":""Alta"",""punteggio_ivp"":4},{""unita_pedologica"":""B2"",""superficie_ha"":179.15,""incidenza_pct"":12.25,""classe_capacita_uso"":""VII - VI"",""classe_ivp"":""Media"",""punteggio_ivp"":3},{""unita_pedologica"":""I1"",""superficie_ha"":153.14,""incidenza_pct"":10.47,""classe_capacita_uso"":""III - IV"",""classe_ivp"":""Media"",""punteggio_ivp"":3},{""unita_pedologica"":""D4"",""superficie_ha"":74.18,""incidenza_pct"":5.07,""classe_capacita_uso"":""VII - V - IV"",""classe_ivp"":""Media"",""punteggio_ivp"":3},{""unita_pedologica"":""B4"",""superficie_ha"":8.6,""incidenza_pct"":0.59,""classe_capacita_uso"":""VII"",""classe_ivp"":""Media"",""punteggio_ivp"":3},{""unita_pedologica"":""C3"",""superficie_ha"":6.08,""incidenza_pct"":0.42,""classe_capacita_uso"":""VII - VI - IV"",""classe_ivp"":""Media"",""punteggio_ivp"":3},{""unita_pedologica"":""B3"",""superficie_ha"":0.81,""incidenza_pct"":0.06,""classe_capacita_uso"":""VI - VII"",""classe_ivp"":""Media"",""punteggio_ivp"":3}]";"[{""classe"":""Mediobasso"",""superficie_ha"":1.36,""incidenza_pct"":0.09,""indice_classe"":22.34},{""classe"":""Medio"",""superficie_ha"":25.78,""incidenza_pct"":1.76,""indice_classe"":31.62},{""classe"":""Medioalto"",""superficie_ha"":324.16,""incidenza_pct"":22.17,""indice_classe"":40.68},{""classe"":""Alto"",""superficie_ha"":1110.73,""incidenza_pct"":75.97,""indice_classe"":49.43}]";"[127,128,129,130]";"{""ivp_fig2"":3.726,""classe_ivp_fig2"":""Alta"",""ipi_fig3"":50.34,""classe_incendio_fig3"":""Alto"",""classe_icr_fig4"":""Media"",""n_complessi_fig4"":10,""quota_complesso_maggiore_fig4_pct"":73.62,""ivp_coerente"":false,""ipi_coerente"":false,""icr_coerente"":false}";"[]"
"27";"Aidomaggiore";"Aidomaggiore";"aidomaggiore";;"1442.56";"1.72";"2.001";"Bassa";"43.85";"Medioalto";"97.46";"1405.97";"5";"1347.61";"93.42";"288.51";"0.35";"Bassa";"Alta";"Area critica o marginale esposta";"Area critica/marginale esposta: priorità selettiva";"Bassa x Medioalto x Alta";"[""selezionare con attenzione le aree pilota, privilegiando i nuclei con condizioni pedologiche più favorevoli"",""attribuire priorità agli interventi di prevenzione incendi, riduzione del combustibile e presidio delle aree in classi Medioalto e Alto"",""utilizzare il complesso principale come ambito preferenziale per interventi coordinati e monitoraggio"",""integrare i risultati con verifiche locali su proprietà, accessibilità, stato selvicolturale e continuità del combustibile""]";"La classe ICR è Alta: il complesso maggiore concentra il 93,42% della sughereta comunale. La risorsa risulta fortemente accorpata e potenzialmente più governabile per interventi coordinati.";"Aidomaggiore presenta 1.442,56 ha di sugherete, pari al 1,72% della Sughereta Sardegna. L'IVP ponderato è 2,001, in classe Bassa. La vocazionalità pedologica appare più limitante e suggerisce un approccio selettivo agli investimenti e agli interventi di valorizzazione. Il profilo incendio evidenzia una criticità elevata: la classe ponderata è Medioalto e 1.405,97 ha (97,46%) ricadono nelle classi Medioalto e Alto. Queste superfici richiedono priorità nella pianificazione antincendio e nella gestione attiva. La classe ICR è Alta: il complesso maggiore concentra il 93,42% della sughereta comunale. La risorsa risulta fortemente accorpata e potenzialmente più governabile per interventi coordinati. Il profilo integrato assegnato è: Area critica/marginale esposta: priorità selettiva.";"[{""unita_pedologica"":""E1"",""superficie_ha"":1413.01,""incidenza_pct"":97.95,""classe_capacita_uso"":""VII - VII"",""classe_ivp"":""Bassa"",""punteggio_ivp"":2},{""unita_pedologica"":""L2"",""superficie_ha"":28.2,""incidenza_pct"":1.95,""classe_capacita_uso"":""II - III"",""classe_ivp"":""Bassa"",""punteggio_ivp"":2},{""unita_pedologica"":""D3"",""superficie_ha"":1.35,""incidenza_pct"":0.09,""classe_capacita_uso"":""VI - VII - VIII"",""classe_ivp"":""Media"",""punteggio_ivp"":3}]";"[{""classe"":""Mediobasso"",""superficie_ha"":0.21,""incidenza_pct"":0.01,""indice_classe"":22.97},{""classe"":""Medio"",""superficie_ha"":36.38,""incidenza_pct"":2.52,""indice_classe"":31.55},{""classe"":""Medioalto"",""superficie_ha"":584.76,""incidenza_pct"":40.54,""indice_classe"":38.21},{""classe"":""Alto"",""superficie_ha"":821.22,""incidenza_pct"":56.93,""indice_classe"":48.42}]";"[130,131,132,133]";"{""ivp_fig2"":3.108,""classe_ivp_fig2"":""Media"",""ipi_fig3"":48.95,""classe_incendio_fig3"":""Alto"",""classe_icr_fig4"":""Molto bassa"",""n_complessi_fig4"":17,""quota_complesso_maggiore_fig4_pct"":30.18,""ivp_coerente"":false,""ipi_coerente"":false,""icr_coerente"":false}";"[]"
"28";"Ardara";"Ardara";"ardara";;"1413.35";"1.69";"2.48";"Bassa";"42.68";"Medioalto";"90.31";"1276.37";"17";"606.03";"42.88";"83.14";"1.2";"Media";"Bassa";"Area critica o marginale esposta";"Area critica/marginale esposta: priorità selettiva";"Bassa x Medioalto x Bassa";"[""selezionare con attenzione le aree pilota, privilegiando i nuclei con condizioni pedologiche più favorevoli"",""attribuire priorità agli interventi di prevenzione incendi, riduzione del combustibile e presidio delle aree in classi Medioalto e Alto"",""impostare una gestione a mosaico, con accordi territoriali e selezione di nuclei prioritari"",""integrare i risultati con verifiche locali su proprietà, accessibilità, stato selvicolturale e continuità del combustibile""]";"La classe ICR è Bassa: il complesso maggiore concentra il 42,88% della risorsa. La sughereta è policentrica o frammentata e richiede una gestione a mosaico.";"Ardara presenta 1.413,35 ha di sugherete, pari al 1,69% della Sughereta Sardegna. L'IVP ponderato è 2,480, in classe Bassa. La vocazionalità pedologica appare più limitante e suggerisce un approccio selettivo agli investimenti e agli interventi di valorizzazione. Il profilo incendio evidenzia una criticità elevata: la classe ponderata è Medioalto e 1.276,37 ha (90,31%) ricadono nelle classi Medioalto e Alto. Queste superfici richiedono priorità nella pianificazione antincendio e nella gestione attiva. La classe ICR è Bassa: il complesso maggiore concentra il 42,88% della risorsa. La sughereta è policentrica o frammentata e richiede una gestione a mosaico. Il profilo integrato assegnato è: Area critica/marginale esposta: priorità selettiva.";"[{""unita_pedologica"":""I1"",""superficie_ha"":549.42,""incidenza_pct"":38.87,""classe_capacita_uso"":""III - IV"",""classe_ivp"":""Media"",""punteggio_ivp"":3},{""unita_pedologica"":""F1"",""superficie_ha"":489.62,""incidenza_pct"":34.64,""classe_capacita_uso"":""VII - VIII"",""classe_ivp"":""Bassa"",""punteggio_ivp"":2},{""unita_pedologica"":""E1"",""superficie_ha"":210.08,""incidenza_pct"":14.86,""classe_capacita_uso"":""VII - VII"",""classe_ivp"":""Bassa"",""punteggio_ivp"":2},{""unita_pedologica"":""D3"",""superficie_ha"":130.59,""incidenza_pct"":9.24,""classe_capacita_uso"":""VI - VII - VIII"",""classe_ivp"":""Media"",""punteggio_ivp"":3},{""unita_pedologica"":""G1"",""superficie_ha"":26.06,""incidenza_pct"":1.84,""classe_capacita_uso"":""VI - VII"",""classe_ivp"":""Bassa"",""punteggio_ivp"":2},{""unita_pedologica"":""L1"",""superficie_ha"":4.38,""incidenza_pct"":0.31,""classe_capacita_uso"":""I - II - III"",""classe_ivp"":""Molto bassa"",""punteggio_ivp"":1},{""unita_pedologica"":""F2"",""superficie_ha"":3.14,""incidenza_pct"":0.22,""classe_capacita_uso"":""VI - IV - III"",""classe_ivp"":""Media"",""punteggio_ivp"":3},{""unita_pedologica"":""D4"",""superficie_ha"":0.05,""incidenza_pct"":0,""classe_capacita_uso"":""VII - V - IV"",""classe_ivp"":""Media"",""punteggio_ivp"":3}]";"[{""classe"":""Mediobasso"",""superficie_ha"":9.22,""incidenza_pct"":0.65,""indice_classe"":22.56},{""classe"":""Medio"",""superficie_ha"":127.76,""incidenza_pct"":9.04,""indice_classe"":31.28},{""classe"":""Medioalto"",""superficie_ha"":580.68,""incidenza_pct"":41.09,""indice_classe"":40.36},{""classe"":""Alto"",""superficie_ha"":695.69,""incidenza_pct"":49.22,""indice_classe"":46.98}]";"[133,134,135,136]";"{""ivp_fig2"":2.738,""classe_ivp_fig2"":""Bassa"",""ipi_fig3"":42.02,""classe_incendio_fig3"":""Medioalto"",""classe_icr_fig4"":null,""n_complessi_fig4"":null,""quota_complesso_maggiore_fig4_pct"":null,""ivp_coerente"":false,""ipi_coerente"":false,""icr_coerente"":false}";"[]"
"29";"Iglesias";"Iglesias";"iglesias";;"1372.51";"1.64";"2.986";"Media";"46.78";"Alto";"98.28";"1348.87";"10";"1103.9";"80.43";"137.25";"0.73";"Media";"Alta";"Risorsa compatibile ma fragile";"Risorsa compatibile, esposta e gestibile con interventi coordinati";"Media x Alto x Alta";"[""selezionare con attenzione le aree pilota, privilegiando i nuclei con condizioni pedologiche più favorevoli"",""attribuire priorità agli interventi di prevenzione incendi, riduzione del combustibile e presidio delle aree in classi Medioalto e Alto"",""utilizzare il complesso principale come ambito preferenziale per interventi coordinati e monitoraggio"",""integrare i risultati con verifiche locali su proprietà, accessibilità, stato selvicolturale e continuità del combustibile""]";"La classe ICR è Alta: il complesso maggiore concentra il 80,43% della sughereta comunale. La risorsa risulta fortemente accorpata e potenzialmente più governabile per interventi coordinati.";"Iglesias presenta 1.372,51 ha di sugherete, pari al 1,64% della Sughereta Sardegna. L'IVP ponderato è 2,986, in classe Media. La risorsa è pedologicamente compatibile, ma presenta limitazioni che richiedono attenzione nella gestione e nella selezione di aree pilota. Il profilo incendio evidenzia una criticità elevata: la classe ponderata è Alto e 1.348,87 ha (98,28%) ricadono nelle classi Medioalto e Alto. Queste superfici richiedono priorità nella pianificazione antincendio e nella gestione attiva. La classe ICR è Alta: il complesso maggiore concentra il 80,43% della sughereta comunale. La risorsa risulta fortemente accorpata e potenzialmente più governabile per interventi coordinati. Il profilo integrato assegnato è: Risorsa compatibile, esposta e gestibile con interventi coordinati.";"[{""unita_pedologica"":""B2"",""superficie_ha"":1320.32,""incidenza_pct"":96.2,""classe_capacita_uso"":""VII - VI"",""classe_ivp"":""Media"",""punteggio_ivp"":3},{""unita_pedologica"":""C1"",""superficie_ha"":32.19,""incidenza_pct"":2.35,""classe_capacita_uso"":""VIII"",""classe_ivp"":""Media"",""punteggio_ivp"":3},{""unita_pedologica"":""A1"",""superficie_ha"":12.14,""incidenza_pct"":0.88,""classe_capacita_uso"":""VIII - VII"",""classe_ivp"":""Bassa"",""punteggio_ivp"":2},{""unita_pedologica"":""A2"",""superficie_ha"":6.36,""incidenza_pct"":0.46,""classe_capacita_uso"":""VII - IV"",""classe_ivp"":""Bassa"",""punteggio_ivp"":2},{""unita_pedologica"":""I1"",""superficie_ha"":0.86,""incidenza_pct"":0.06,""classe_capacita_uso"":""III - IV"",""classe_ivp"":""Media"",""punteggio_ivp"":3},{""unita_pedologica"":""B1"",""superficie_ha"":0.63,""incidenza_pct"":0.05,""classe_capacita_uso"":""VII - VII"",""classe_ivp"":""Bassa"",""punteggio_ivp"":2}]";"[{""classe"":""Medio"",""superficie_ha"":23.64,""incidenza_pct"":1.72,""indice_classe"":31.86},{""classe"":""Medioalto"",""superficie_ha"":520.09,""incidenza_pct"":37.89,""indice_classe"":41.28},{""classe"":""Alto"",""superficie_ha"":828.78,""incidenza_pct"":60.38,""indice_classe"":50.66}]";"[136,137,138,139]";"{""ivp_fig2"":3.521,""classe_ivp_fig2"":""Alta"",""ipi_fig3"":50.62,""classe_incendio_fig3"":""Alto"",""classe_icr_fig4"":""Alta"",""n_complessi_fig4"":9,""quota_complesso_maggiore_fig4_pct"":94.24,""ivp_coerente"":false,""ipi_coerente"":false,""icr_coerente"":false}";"[]"
"30";"Bultei";"Bultei";"bultei";;"1342.27";"1.6";"3.395";"Alta";"46.19";"Alto";"92.91";"1247.14";"17";"1047.61";"78.05";"78.96";"1.27";"Media";"Media";"Risorsa strategica vulnerabile";"Priorità alta: risorsa vocata, esposta e territorialmente governabile";"Alta x Alto x Media";"[""valorizzare la buona vocazionalità pedologica come base per progetti pilota, certificazione e gestione forestale attiva"",""attribuire priorità agli interventi di prevenzione incendi, riduzione del combustibile e presidio delle aree in classi Medioalto e Alto"",""utilizzare il complesso principale come ambito preferenziale per interventi coordinati e monitoraggio"",""integrare i risultati con verifiche locali su proprietà, accessibilità, stato selvicolturale e continuità del combustibile""]";"La classe ICR è Media: il complesso maggiore concentra il 78,05% della risorsa, con nuclei secondari significativi. La gestione può concentrarsi sul nucleo principale, senza trascurare le aree minori.";"Bultei presenta 1.342,27 ha di sugherete, pari al 1,60% della Sughereta Sardegna. L'IVP ponderato è 3,395, in classe Alta. La risorsa mostra una buona coerenza pedologica complessiva con la sughereta, pur con limitazioni locali legate alle unità pedologiche specifiche. Il profilo incendio evidenzia una criticità elevata: la classe ponderata è Alto e 1.247,14 ha (92,91%) ricadono nelle classi Medioalto e Alto. Queste superfici richiedono priorità nella pianificazione antincendio e nella gestione attiva. La classe ICR è Media: il complesso maggiore concentra il 78,05% della risorsa, con nuclei secondari significativi. La gestione può concentrarsi sul nucleo principale, senza trascurare le aree minori. Il profilo integrato assegnato è: Priorità alta: risorsa vocata, esposta e territorialmente governabile.";"[{""unita_pedologica"":""C2"",""superficie_ha"":651.93,""incidenza_pct"":48.57,""classe_capacita_uso"":""VII - VI - IV"",""classe_ivp"":""Alta"",""punteggio_ivp"":4},{""unita_pedologica"":""I1"",""superficie_ha"":602.78,""incidenza_pct"":44.91,""classe_capacita_uso"":""III - IV"",""classe_ivp"":""Media"",""punteggio_ivp"":3},{""unita_pedologica"":""D2"",""superficie_ha"":44.02,""incidenza_pct"":3.28,""classe_capacita_uso"":""II"",""classe_ivp"":""Bassa"",""punteggio_ivp"":2},{""unita_pedologica"":""C1"",""superficie_ha"":17.53,""incidenza_pct"":1.31,""classe_capacita_uso"":""VIII"",""classe_ivp"":""Media"",""punteggio_ivp"":3},{""unita_pedologica"":""B3"",""superficie_ha"":11.29,""incidenza_pct"":0.84,""classe_capacita_uso"":""VI - VII"",""classe_ivp"":""Media"",""punteggio_ivp"":3},{""unita_pedologica"":""B4"",""superficie_ha"":8.89,""incidenza_pct"":0.66,""classe_capacita_uso"":""VII"",""classe_ivp"":""Media"",""punteggio_ivp"":3},{""unita_pedologica"":""D4"",""superficie_ha"":2.42,""incidenza_pct"":0.18,""classe_capacita_uso"":""VII - V - IV"",""classe_ivp"":""Media"",""punteggio_ivp"":3},{""unita_pedologica"":""L1"",""superficie_ha"":2.05,""incidenza_pct"":0.15,""classe_capacita_uso"":""I - II - III"",""classe_ivp"":""Molto bassa"",""punteggio_ivp"":1},{""unita_pedologica"":""O"",""superficie_ha"":1.22,""incidenza_pct"":0.09,""classe_capacita_uso"":null,""classe_ivp"":""Molto bassa"",""punteggio_ivp"":1},{""unita_pedologica"":""B2"",""superficie_ha"":0.12,""incidenza_pct"":0.01,""classe_capacita_uso"":""VII - VI"",""classe_ivp"":""Media"",""punteggio_ivp"":3}]";"[{""classe"":""Mediobasso"",""superficie_ha"":13.08,""incidenza_pct"":0.97,""indice_classe"":23.82},{""classe"":""Medio"",""superficie_ha"":82.05,""incidenza_pct"":6.11,""indice_classe"":31.13},{""classe"":""Medioalto"",""superficie_ha"":240.82,""incidenza_pct"":17.94,""indice_classe"":39.64},{""classe"":""Alto"",""superficie_ha"":1006.32,""incidenza_pct"":74.97,""indice_classe"":49.28}]";"[139,140,141]";"{""ivp_fig2"":3.665,""classe_ivp_fig2"":""Alta"",""ipi_fig3"":46.15,""classe_incendio_fig3"":""Alto"",""classe_icr_fig4"":""Media"",""n_complessi_fig4"":12,""quota_complesso_maggiore_fig4_pct"":65.78,""ivp_coerente"":false,""ipi_coerente"":false,""icr_coerente"":false}";"[""IVP dichiarato 3.395 non coincide con la media ponderata dei punteggi della tabella pedologica (3.448); mantenuto il valore dichiarato.""]"